"day_of_week","day","month","year","road","road_feature","weather","traffic_control"
"Saturday",7,"February",2015,"CHAPANOKE RD","No Special Feature","Clear","Stop and go signal"
"Tuesday",10,"March",2015,"SANDY FORKS RD","No Special Feature","Clear","No control present"
"Thursday",19,"March",2015,"NEW BERN AVE","No Special Feature","Clear","Stop and go signal"
"Monday",23,"March",2015,"WAKE FOREST RD","No Special Feature","Clear","Stop and go signal"
"Saturday",28,"March",2015,"KING CHARLES RD","No Special Feature","Clear","Stop and go signal"
"Saturday",28,"March",2015,"W. MORGAN ST.","No Special Feature","Clear","No control present"
"Friday",3,"April",2015,"HILLSBOROUGH ST","Four-way intersection","Clear","Stop and go signal"
"Sunday",5,"April",2015,"NEW BERN AVE","No Special Feature","Clear","No control present"
"Friday",10,"April",2015,"WESVILL CT","No Special Feature","Clear","No control present"
"Saturday",11,"April",2015,"HILLSBOROUGH ST","T-intersection","Clear","Stop and go signal"
"Monday",13,"April",2015,"TRAILWOOD HILLS DR","No Special Feature","Clear","No control present"
"Monday",13,"April",2015,"LEESVILLE RD","T-intersection","Clear","No control present"
"Sunday",12,"April",2015,"NAVAHO DR","No Special Feature","Clear","No control present"
"Friday",17,"April",2015,"WESTERN  BLVD","No Special Feature","Clear","No control present"
"Saturday",18,"April",2015,"FAYETTEVILLE ST","No Special Feature","Clear","No control present"
"Wednesday",22,"April",2015,"6131 SIX FORKS RD","Driveway, private","Clear","No control present"
"Saturday",25,"April",2015,"GARNER RD","No Special Feature","Clear","No control present"
"Friday",24,"April",2015,"BRENTWOOD RD","Four-way intersection","Clear","Stop and go signal"
"Monday",4,"May",2015,"SHARPE DR","Driveway, public","Clear","No control present"
"Friday",8,"May",2015,"PENDER ST","No Special Feature","Clear","Stop sign"
"Monday",11,"May",2015,"BRAGG ST","No Special Feature","Cloudy","No control present"
"Thursday",7,"May",2015,"2501 NEW HOPE CHURCH R","Driveway, private","Clear","No control present"
"Saturday",23,"May",2015,"TRAWICK RD","No Special Feature","Clear","Stop sign"
"Sunday",24,"May",2015,"TRAWICK RD","No Special Feature","Clear","No control present"
"Saturday",6,"June",2015,"1601 CROSSLINK RD","","Clear",""
"Tuesday",16,"June",2015,"E MILLBROOK RD","Four-way intersection","Clear","Stop sign"
"Wednesday",17,"June",2015,"NORTHBROOK DR","No Special Feature","Clear","Stop and go signal"
"Saturday",20,"June",2015,"HILLSBOROUGH ST","Four-way intersection","Clear","Stop and go signal"
"Saturday",20,"June",2015,"RAY RD","No Special Feature","Clear","No control present"
"Wednesday",24,"June",2015,"LAKE WHEELER RD","No Special Feature","Clear","No control present"
"Thursday",25,"June",2015,"HUNTLEIGH DR","No Special Feature","Clear","No control present"
"Saturday",27,"June",2015,"CAPITAL BLVD","No Special Feature","Cloudy","No control present"
"Tuesday",30,"June",2015,"CENTENNIAL  PKWY","Four-way intersection","Clear","Stop and go signal"
"Saturday",4,"July",2015,"1100 N RALEIGH BLVD","Driveway, public","Rain","No control present"
"Monday",6,"July",2015,"HONEYCUTT RD","Related to intersection","Clear","Stop and go signal"
"Sunday",12,"July",2015,"SIX FORKS RD","T-intersection","Clear","No control present"
"Friday",17,"July",2015,"440","On-ramp entry","Clear","Stop and go signal"
"Wednesday",22,"July",2015,"RALEIGH BLVD","T-intersection","Clear","Stop and go signal"
"Monday",3,"August",2015,"GLENWOOD AVE","No Special Feature","Clear","Stop and go signal"
"Saturday",8,"August",2015,"CAPITAL  BLVD","No Special Feature","Clear","No control present"
"Tuesday",11,"August",2015,"FAYETTEVILLE ST","No Special Feature","Rain","No control present"
"Monday",17,"August",2015,"BIGGS DR","No Special Feature","Clear","No control present"
"Monday",17,"August",2015,"MILBURNIE RD","T-intersection","Clear","No control present"
"Saturday",29,"August",2015,"HOYLE DR","T-intersection","Clear","Stop sign"
"Monday",31,"August",2015,"N ROGERS LN","T-intersection","Clear","Stop sign"
"Wednesday",2,"September",2015,"CREEDMOOOR RD","Four-way intersection","Clear","Stop and go signal"
"Saturday",5,"September",2015,"GLENWOOD AVE","No Special Feature","Clear","No control present"
"Saturday",5,"September",2015,"HARGETT ST","Four-way intersection","Clear","Stop and go signal"
"Tuesday",8,"September",2015,"NEW  BERN AVE","Four-way intersection","Fog, smog, smoke","Stop and go signal"
"Thursday",17,"September",2015,"FALLS  OF NEUSE RD","Y-intersection","Clear","Stop and go signal"
"Saturday",26,"September",2015,"PVA 505 CHAVIS WAY","No Special Feature","Rain","No control present"
"Tuesday",6,"October",2015,"DURANT RD","No Special Feature","Clear","Stop and go signal"
"Friday",2,"October",2015,"NEW HOPE RD","T-intersection","Rain","Stop sign"
"Wednesday",7,"October",2015,"SPRING FOREST RD","No Special Feature","Clear","No control present"
"Thursday",8,"October",2015,"W MORGAN ST","No Special Feature","Clear","No control present"
"Friday",9,"October",2015,"NEWTON RD","T-intersection","Clear","Stop and go signal"
"Sunday",11,"October",2015,"ORCHARD HOLLOW LANE","Driveway, private","Clear","No control present"
"Thursday",8,"October",2015,"5265 SIX FORKS RD","No Special Feature","Clear","No control present"
"Tuesday",13,"October",2015,"2201 SPRING FOREST RD","No Special Feature","Clear","Stop and go signal"
"Friday",23,"October",2015,"3710 WESTERN BLVD","No Special Feature","Clear","No control present"
"Friday",23,"October",2015,"SIX FORK RD","No Special Feature","Clear","No control present"
"Wednesday",4,"November",2015,"216 DEVILLE PL LOT 91","Driveway, private","Cloudy","No control present"
"Thursday",5,"November",2015,"2801 WAKE FOREST RD","No Special Feature","Cloudy","No control present"
"Friday",13,"November",2015,"WEST ST","Four-way intersection","Clear","Stop and go signal"
"Friday",20,"November",2015,"CAMERON ST","T-intersection","Clear","Stop and go signal"
"Friday",4,"December",2015,"ASHE AVE","No Special Feature","Clear","No control present"
"Friday",4,"December",2015,"NEW HOPE  CHURCH RD","Four-way intersection","Clear","Stop and go signal"
"Tuesday",8,"December",2015,"S WILMINGTON ST","No Special Feature","Clear","Stop and go signal"
"Monday",21,"December",2015,"FALLS OF COMMONS DR","No Special Feature","Cloudy","Stop sign"
"Tuesday",22,"December",2015,"LAKE RIDGE DR","Four-way intersection","Cloudy","Stop sign"
"Wednesday",6,"January",2016,"BROOKS AVE","No Special Feature","Clear","No control present"
"Wednesday",6,"January",2016,"HILLSBOROUGH ST","No Special Feature","Clear","No control present"
"Sunday",10,"January",2016,"HILLSBOROUGH  ST","No Special Feature","Clear","No control present"
"Wednesday",13,"January",2016,"N MCDOWELL ST","Four-way intersection","Clear","Stop and go signal"
"Saturday",30,"January",2016,"3715 WESTERN BLVD","T-intersection","Clear","No control present"
"Thursday",18,"February",2016,"GLENWOOD  AVE","Four-way intersection","Clear","Stop and go signal"
"Friday",19,"February",2016,"BILYEU ST","No Special Feature","Clear","No control present"
"Saturday",5,"March",2016,"DURANT RD","Four-way intersection","Clear","Stop and go signal"
"Wednesday",9,"March",2016,"4921 COOLRIDGE CT","Driveway, public","Clear","No control present"
"Sunday",13,"March",2016,"HILLSBOROUGH ST","No Special Feature","Clear","No control present"
"Tuesday",15,"March",2016,"HARGETT ST","Four-way intersection","Clear","Stop and go signal"
"Wednesday",23,"March",2016,"N WEST ST","No Special Feature","Clear","Stop and go signal"
"Monday",28,"March",2016,"MARTIN ST","Four-way intersection","Clear","Stop sign"
"Monday",4,"April",2016,"S SALISBURY ST","No Special Feature","Clear","Stop and go signal"
"Monday",4,"April",2016,"NEW  BERN AVE","No Special Feature","Clear","Stop and go signal"
"Saturday",16,"April",2016,"NEW BERN AVE","No Special Feature","Clear","No control present"
"Wednesday",20,"April",2016,"SUMMIT AVE","T-intersection","Clear","Stop sign"
"Thursday",21,"April",2016,"MARVINO LN","No Special Feature","Clear","No control present"
"Friday",22,"April",2016,"2005 NEW HOPE CHURCH R","Driveway, public","Cloudy","No control present"
"Saturday",23,"April",2016,"BOYLAN AVE","Four-way intersection","Clear","Stop and go signal"
"Sunday",8,"May",2016,"WESTERN  BLVD","Driveway, public","Clear","No control present"
"Monday",16,"May",2016,"CAPITAL  BLVD","No Special Feature","Clear","No control present"
"Sunday",15,"May",2016,"1506 QUAIL RIDGE RD","No Special Feature","Clear","No control present"
"Saturday",21,"May",2016,"HILL ST","No Special Feature","Clear","Stop sign"
"Saturday",28,"May",2016,"WAKEFIELD PLANTATION D","Traffic circle/roundabout","Clear","No control present"
"Monday",30,"May",2016,"410 GLENWOOD AVE","No Special Feature","Clear","No control present"
"Friday",10,"June",2016,"BUCK JONES RD","No Special Feature","Clear","No control present"
"Monday",13,"June",2016,"GORMAN ST","No Special Feature","Clear","Stop sign"
"Monday",13,"June",2016,"BRENTWOOD RD","No Special Feature","Clear","Stop sign"
"Wednesday",15,"June",2016,"YONKERS  RD","No Special Feature","Cloudy","Stop and go signal"
"Saturday",25,"June",2016,"S MCDOWELL ST","Four-way intersection","Clear","Stop and go signal"
"Thursday",30,"June",2016,"CREECH RD","T-intersection","Clear","Stop and go signal"
"Thursday",14,"July",2016,"JONES FRANKLIN RD","No Special Feature","Clear","Stop and go signal"
"Thursday",28,"July",2016,"W MORGAN ST","No Special Feature","Clear","No control present"
"Sunday",7,"August",2016,"S WILMINGTON ST","No Special Feature","Cloudy","No control present"
"Thursday",11,"August",2016,"LEAD MINE RD","Four-way intersection","Clear","Stop and go signal"
"Tuesday",16,"August",2016,"E JONES ST","No Special Feature","Clear","Stop sign"
"Wednesday",17,"August",2016,"WESTERN  BLVD","No Special Feature","Clear","Stop and go signal"
"Sunday",21,"August",2016,"CHAPANOKE RD","No Special Feature","Clear","Stop and go signal"
"Monday",22,"August",2016,"CREECH RD","T-intersection","Clear","Stop and go signal"
"Saturday",27,"August",2016,"PEACE ST","Four-way intersection","Clear","Stop sign"
"Sunday",28,"August",2016,"WAKEFIELD CROSSING DR","No Special Feature","Clear","Stop sign"
"Tuesday",6,"September",2016,"AVENT FERRY RD","No Special Feature","Clear","No control present"
"Friday",9,"September",2016,"NORTH HILLS DR","No Special Feature","Clear","Stop and go signal"
"Saturday",10,"September",2016,"WYCKFORD FOREST DR","T-intersection","Clear","Stop sign"
"Wednesday",14,"September",2016,"NEW HOPE  RD","Four-way intersection","Clear","Stop and go signal"
"Friday",9,"September",2016,"HAMMOND RD","No Special Feature","Clear","No control present"
"Monday",19,"September",2016,"WESTERN  BLVD","No Special Feature","Rain","Stop and go signal"
"Saturday",24,"September",2016,"BOYLAN AVE","Four-way intersection","Clear","No control present"
"Thursday",29,"September",2016,"W CABARRUS ST","No Special Feature","Clear","No control present"
"Thursday",29,"September",2016,"MLK JR BLVD","No Special Feature","Cloudy","Stop and go signal"
"Sunday",2,"October",2016,"NEW BERN AVE","No Special Feature","Clear","Stop and go signal"
"Tuesday",11,"October",2016,"OBERLIN RD","No Special Feature","Clear","No control present"
"Monday",17,"October",2016,"OAKWOOD AVE","Four-way intersection","Clear","Stop and go signal"
"Tuesday",18,"October",2016,"WESTGATE DR","T-intersection","Clear","No control present"
"Wednesday",19,"October",2016,"PULLEN RD","T-intersection","Clear","Double yellow line (no passing zone)"
"Thursday",20,"October",2016,"LAKE WHEELER RD","T-intersection","Clear","Stop and go signal"
"Thursday",20,"October",2016,"BEVERLY DR","No Special Feature","Clear","No control present"
"Wednesday",19,"October",2016,"GORMAN ST","Non-intersection median crossing","Clear","Other*"
"Saturday",22,"October",2016,"BELLWOOD DR","No Special Feature","Clear","No control present"
"Sunday",23,"October",2016,"HILLSBOROUGH  ST","No Special Feature","Clear","No control present"
"Wednesday",26,"October",2016,"GLENWOOD AVE","No Special Feature","Clear","No control present"
"Monday",7,"November",2016,"ROCK QUARRY RD","Four-way intersection","Clear","Stop and go signal"
"Wednesday",16,"November",2016,"8001 CREEDMOOR RD","No Special Feature","Clear","No control present"
"Tuesday",22,"November",2016,"N RALEIGH BLVD","Four-way intersection","Clear","Stop and go signal"
"Wednesday",30,"November",2016,"W PEACE ST","On-ramp entry","Cloudy","Stop and go signal"
"Thursday",1,"December",2016,"ROCK QUARRY RD","T-intersection","Clear","No control present"
"Tuesday",6,"December",2016,"S STATE ST","T-intersection","Rain","Stop sign"
"Tuesday",6,"December",2016,"S WILMINGTON ST","No Special Feature","Rain","No control present"
"Saturday",10,"December",2016,"JACKSON ST","Four-way intersection","Clear","Stop sign"
"Wednesday",14,"December",2016,"WESTERN BLVD","No Special Feature","Clear","Stop and go signal"
"Thursday",22,"December",2016,"HILLSBOROUGH ST","Four-way intersection","Clear","Stop sign"
"Friday",13,"January",2017,"WESTERN  BLVD","Related to intersection","Clear","Stop and go signal"
"Tuesday",31,"January",2017,"TRAWICK RD","No Special Feature","Clear","Stop sign"
"Saturday",18,"February",2017,"CAPITAL  BLVD","Four-way intersection","Clear","Stop and go signal"
"Friday",17,"February",2017,"ASHE AVE","No Special Feature","Clear","Stop sign"
"Friday",24,"February",2017,"HILLSBOROUGH ST","T-intersection","Clear","Stop and go signal"
"Thursday",2,"March",2017,"VARSITY DR","Four-way intersection","Clear","Stop and go signal"
"Wednesday",8,"March",2017,"BELLS VALLEY DR","T-intersection","Clear","Stop sign"
"Monday",20,"March",2017,"TRINITY RD","Four-way intersection","Fog, smog, smoke","Stop and go signal"
"Monday",20,"March",2017,"TUCKER ST","No Special Feature","Clear","No control present"
"Wednesday",22,"March",2017,"PERRY CREEK RD","No Special Feature","Clear","No control present"
"Friday",24,"March",2017,"VALLEY STREAM DR","Four-way intersection","Clear","Stop and go signal"
"Saturday",1,"April",2017,"S EAST ST","Four-way intersection","Clear",""
"Thursday",6,"April",2017,"1110 MCKIMMON VIEW CT","No Special Feature","Clear","No control present"
"Friday",7,"April",2017,"WESTER RD","Four-way intersection","Clear","Stop and go signal"
"Tuesday",11,"April",2017,"4100 WESTERN BLVD","Driveway, public","Clear","No control present"
"Friday",21,"April",2017,"FALLS OF NEUSE RD","T-intersection","Clear","Stop sign"
"Wednesday",26,"April",2017,"APPLE BLOSSOM DR","T-intersection","Clear","Stop sign"
"Sunday",30,"April",2017,"PLAINVIEW DR","No Special Feature","Clear","No control present"
"Wednesday",3,"May",2017,"SEAWELL AVE","Four-way intersection","Clear","Stop sign"
"Thursday",4,"May",2017,"8304 FALLS OF NEUSE RD","No Special Feature","Cloudy","No control present"
"Friday",12,"May",2017,"LYNN RD","Four-way intersection","Cloudy","Stop and go signal"
"Saturday",13,"May",2017,"NEW HOPE RD","No Special Feature","Clear","No control present"
"Monday",15,"May",2017,"MANASSASS ST","No Special Feature","Clear","Stop sign"
"Thursday",18,"May",2017,"CHARNY DR","No Special Feature","Clear","Stop sign"
"Saturday",20,"May",2017,"SAWMILL RD","No Special Feature","Clear","No control present"
"Monday",22,"May",2017,"BREWSTER DR","No Special Feature","Clear","No control present"
"Tuesday",23,"May",2017,"3524 CAPITAL BLVD","Driveway, public","Rain","No control present"
"Monday",12,"June",2017,"HILLSBOROGH ST","No Special Feature","Clear","Stop and go signal"
"Thursday",15,"June",2017,"LIBERTY PL","No Special Feature","Cloudy","No control present"
"Saturday",8,"July",2017,"EVERS DR","T-intersection","Clear","No control present"
"Sunday",9,"July",2017,"MLK JR BLVD","Four-way intersection","Clear","Stop and go signal"
"Friday",7,"July",2017,"NEW  BERN AVE","No Special Feature","Clear","Stop and go signal"
"Wednesday",12,"July",2017,"4713 NEW BERN AVE","No Special Feature","Clear","No control present"
"Friday",14,"July",2017,"FALLS OF NEUSE RD","Four-way intersection","Clear","Stop and go signal"
"Monday",31,"July",2017,"GLENWOOD AVE","Four-way intersection","Clear","Stop and go signal"
"Sunday",30,"July",2017,"WALKERTOWN DR","No Special Feature","Clear","No control present"
"Wednesday",9,"August",2017,"FAYETTEVILLE ST","Four-way intersection","Clear","Stop and go signal"
"Wednesday",9,"August",2017,"5171 GLENWOOD AVE","No Special Feature","Clear","No control present"
"Tuesday",8,"August",2017,"BRAGG ST","No Special Feature","Clear","No control present"
"Monday",14,"August",2017,"MLK JR BLVD","No Special Feature","Cloudy","Stop and go signal"
"Tuesday",22,"August",2017,"LYNN RD","Four-way intersection","Clear","Stop and go signal"
"Thursday",24,"August",2017,"GROVE BARTON RD","No Special Feature","Clear","No control present"
"Saturday",2,"September",2017,"GORMAN ST","Four-way intersection","Cloudy","Stop and go signal"
"Thursday",7,"September",2017,"DURALEIGH RD","No Special Feature","Clear","No control present"
"Monday",4,"September",2017,"LOUISBURG  RD","No Special Feature","Clear","Stop and go signal"
"Thursday",14,"September",2017,"FAYETTEVILLE ST","No Special Feature","Rain","Stop and go signal"
"Saturday",30,"September",2017,"HILLBOROUGH ST","No Special Feature","Clear","Stop and go signal"
"Friday",6,"October",2017,"HILLSBOROUGH ST","No Special Feature","Clear","No control present"
"Sunday",15,"October",2017,"4421 SIX FORKS RD","Driveway, public","Clear","No control present"
"Tuesday",17,"October",2017,"LEAFCREST CT","T-intersection","Clear","No control present"
"Monday",30,"October",2017,"SALISBURY ST","No Special Feature","Clear","Stop and go signal"
"Saturday",21,"October",2017,"N NEW HOPE RD","No Special Feature","Clear","Stop and go signal"
"Tuesday",31,"October",2017,"TIPTON ST","No Special Feature","Clear","No control present"
"Wednesday",1,"November",2017,"NEW BERN AVE","Four-way intersection","Clear","Stop and go signal"
"Friday",3,"November",2017,"W. PEACE ST","Four-way intersection","Clear","Stop and go signal"
"Monday",6,"November",2017,"N RALEIGH BLVD","No Special Feature","Clear","Stop and go signal"
"Tuesday",7,"November",2017,"GORMAN ST","Four-way intersection","Cloudy","Stop and go signal"
"Friday",17,"November",2017,"4701 ATLANTIC AVE","Driveway, public","Clear","No control present"
"Saturday",18,"November",2017,"NORTH BEND DR","No Special Feature","Clear","Stop and go signal"
"Saturday",18,"November",2017,"MILLBROOK  RD","No Special Feature","Clear","No control present"
"Wednesday",29,"November",2017,"OBERLIN RD","No Special Feature","Clear","Stop sign"
"Friday",1,"December",2017,"WIMBLETON DR","No Special Feature","Clear","No control present"
"Tuesday",5,"December",2017,"HUNTING RIDGE RD","No Special Feature","Clear","No control present"
"Tuesday",12,"December",2017,"LEESVIILE RD","No Special Feature","Clear","No control present"
"Thursday",14,"December",2017,"ATLANTIC AVE","Four-way intersection","Clear","Stop and go signal"
"Saturday",16,"December",2017,"2310 GARNER RD","No Special Feature","Clear","No control present"
"Tuesday",2,"January",2018,"HILLSBOROUGH  ST","No Special Feature","Clear","No control present"
"Saturday",27,"January",2018,"9101 LEESVILLE RD","No Special Feature","Clear","No control present"
"Tuesday",23,"January",2018,"HILLSBOROUGH  ST","No Special Feature","Clear","No control present"
"Wednesday",21,"February",2018,"BRENTWOOD RD","No Special Feature","Rain","Stop sign"
"Saturday",3,"March",2018,"111 FRIENDLY DR","No Special Feature","Clear","No control present"
"Monday",5,"March",2018,"NEW  BERN AVE","Y-intersection","Clear","Stop and go signal"
"Monday",5,"March",2018,"GLENWOOD FOREST DR","No Special Feature","Clear","No control present"
"Saturday",10,"March",2018,"HILLSBOROUGH ST","No Special Feature","Cloudy","No control present"
"Friday",16,"March",2018,"DONALD ROSS DR","No Special Feature","Clear","Stop sign"
"Thursday",22,"March",2018,"FALLS OF NEUSE RD","No Special Feature","Clear","Stop and go signal"
"Wednesday",28,"March",2018,"E DAVIE ST","No Special Feature","Clear","Stop and go signal"
"Monday",16,"April",2018,"LAKE WHEELER RD","No Special Feature","Cloudy","No control present"
"Wednesday",18,"April",2018,"SINGLETON ST","T-intersection","Clear","No control present"
"Friday",20,"April",2018,"HILLSBOROUGH ST","No Special Feature","Clear","No control present"
"Friday",27,"April",2018,"DAVIS CIR","No Special Feature","Clear","Stop sign"
"Saturday",28,"April",2018,"CREEDMOOR RD","No Special Feature","Clear","No control present"
"Monday",30,"April",2018,"CHAMBERLAIN ST","T-intersection","Clear","Stop sign"
"Tuesday",1,"May",2018,"GLASCOCK ST","Four-way intersection","Clear","Stop and go signal"
"Monday",14,"May",2018,"CARLOS DR","Four-way intersection","Clear","Stop and go signal"
"Monday",7,"May",2018,"2109 AVENT FERRY RD","Driveway, public","Clear","No control present"
"Wednesday",30,"May",2018,"WADE AVE","No Special Feature","Rain","No control present"
"Tuesday",5,"June",2018,"5020 ATLANTIC AVE","T-intersection","Clear","No control present"
"Tuesday",19,"June",2018,"5900 RICKER RD","No Special Feature","Clear","No control present"
"Thursday",21,"June",2018,"NORTH HILLS DR","No Special Feature","Clear","No control present"
"Wednesday",27,"June",2018,"VARSITY DR","No Special Feature","Clear","No control present"
"Friday",29,"June",2018,"BONNEVILLE CT","No Special Feature","Clear","Stop sign"
"Friday",29,"June",2018,"WIDE RIVER DR","T-intersection","Clear","Stop and go signal"
"Sunday",8,"July",2018,"S WILMINGTON ST","Five point, or more","Clear","Stop and go signal"
"Wednesday",11,"July",2018,"YUCCA TRL","No Special Feature","Clear","No control present"
"Friday",20,"July",2018,"CENTENNIAL PKWY","T-intersection","Clear","Stop and go signal"
"Monday",23,"July",2018,"PARK DR","T-intersection","Rain","Stop sign"
"Wednesday",25,"July",2018,"FALLS OF NEUSE RD","Four-way intersection","Clear","Stop sign"
"Friday",27,"July",2018,"HILLSBOROUGH  ST","No Special Feature","Cloudy","No control present"
"Monday",30,"July",2018,"400 PEYSTON ST","No Special Feature","Rain","No control present"
"Monday",30,"July",2018,"5505 CAPITAL BLVD","Driveway, private","Clear","No control present"
"Thursday",2,"August",2018,"E DAVIE ST","Four-way intersection","Rain","Stop and go signal"
"Wednesday",15,"August",2018,"GAS LIGHT CREEK","Four-way intersection","Clear","Stop sign"
"Sunday",19,"August",2018,"S EAST ST","Four-way intersection","Clear","Stop sign"
"Wednesday",22,"August",2018,"QUAIL HOLLOW DR","Related to intersection","Clear","Stop sign"
"Wednesday",22,"August",2018,"FALLS OF NEUSE RD","No Special Feature","Clear","No control present"
"Saturday",25,"August",2018,"E LENOIR ST","Four-way intersection","Clear","Stop sign"
"Tuesday",21,"August",2018,"S SAUNDERS ST","T-intersection","Clear","No control present"
"Thursday",30,"August",2018,"WESTERN BLVD","No Special Feature","Clear","Stop and go signal"
"Monday",3,"September",2018,"HILLSBOROUGH  ST","No Special Feature","Clear","No control present"
"Monday",10,"September",2018,"CROSS LINK RD","Shared-use paths or trails","Clear","No control present"
"Monday",10,"September",2018,"CAMERON ST","T-intersection","Clear","Stop and go signal"
"Tuesday",11,"September",2018,"LYNDHURST DR","T-intersection","Clear","Stop sign"
"Tuesday",11,"September",2018,"RIO WILD DR","T-intersection","Clear","No control present"
"Sunday",9,"September",2018,"E MARTIN ST","No Special Feature","Clear","No control present"
"Wednesday",19,"September",2018,"WESTERN BLVD","Four-way intersection","Clear","Stop and go signal"
"Thursday",20,"September",2018,"AVENT FERRY RD","Four-way intersection","Clear","Stop and go signal"
"Thursday",20,"September",2018,"4600  CAPITAL BLVD","No Special Feature","Clear","Stop sign"
"Saturday",29,"September",2018,"ROCK  QUARRY  RD","No Special Feature","Clear","No control present"
"Tuesday",2,"October",2018,"HILLSBOROUGH ST","T-intersection","Clear","No control present"
"Thursday",4,"October",2018,"E EDENTON ST","Four-way intersection","Clear","Stop and go signal"
"Sunday",14,"October",2018,"BLUE RIDGE  RD","Four-way intersection","Clear","Stop and go signal"
"Thursday",18,"October",2018,"SUNBURY ST","T-intersection","Clear","Stop sign"
"Sunday",21,"October",2018,"SHERMAN AVE","Four-way intersection","Clear","Stop sign"
"Saturday",20,"October",2018,"S SALISBURY ST","No Special Feature","Cloudy","No control present"
"Thursday",18,"October",2018,"LEAFCREST CT","T-intersection","Cloudy","Stop sign"
"Monday",29,"October",2018,"HARGETT ST","No Special Feature","Clear","No control present"
"Wednesday",7,"November",2018,"REEDY CREEK RD","No Special Feature","Clear","Stop sign"
"Monday",12,"November",2018,"S BLOODWORTH ST","Four-way intersection","Rain","Stop sign"
"Friday",16,"November",2018,"3016 HILLSBOROUGH","Driveway, public","Clear","No control present"
"Sunday",18,"November",2018,"E MARTIN ST","No Special Feature","Clear","No control present"
"Wednesday",21,"November",2018,"4905 WESTERN BLVD","No Special Feature","Clear","No control present"
"Thursday",13,"December",2018,"CURRITUCK DR","Four-way intersection","Clear","Stop and go signal"
"Tuesday",15,"January",2019,"CONSTELLATION DR","T-intersection","Clear","No control present"
"Thursday",24,"January",2019,"WESTERN  BLVD","Four-way intersection","Rain","Stop and go signal"
"Friday",8,"February",2019,"NEW HOPE ROAD","No Special Feature","Clear","No control present"
"Wednesday",13,"February",2019,"TENDERFOOT TRL","T-intersection","Clear","No control present"
"Friday",22,"February",2019,"BLUE RIDGE  RD","T-intersection","Cloudy","No control present"
"Tuesday",26,"February",2019,"LUMLEY RD","No Special Feature","Clear","Stop and go signal"
"Thursday",21,"March",2019,"BLAIR ST","No Special Feature","Cloudy","No control present"
"Friday",29,"March",2019,"EDENTON ST","No Special Feature","Clear","No control present"
"Sunday",31,"March",2019,"WESTERN  BLVD","No Special Feature","Cloudy","Stop and go signal"
"Monday",8,"April",2019,"CREEDMOOR RD","No Special Feature","Cloudy","Stop and go signal"
"Tuesday",9,"April",2019,"GLENWOOD AVE","Four-way intersection","Cloudy","Stop and go signal"
"Tuesday",23,"April",2019,"FALLS OF NEUSE RD","Driveway, public","Clear","No control present"
"Sunday",28,"April",2019,"DOROTHEA DR","No Special Feature","Clear","No control present"
"Tuesday",14,"May",2019,"LEAD MINE RD","T-intersection","Clear","Double yellow line (no passing zone)"
"Monday",13,"May",2019,"STRICKLAND RD","No Special Feature","Cloudy","No control present"
"Wednesday",15,"May",2019,"ALLEGHANY DR","No Special Feature","Clear","Stop sign"
"Wednesday",15,"May",2019,"4100 DEEP HOLLOW DR","Driveway, public","Clear","No control present"
"Saturday",25,"May",2019,"HILLSBOROUGH ST","No Special Feature","Clear","No control present"
"Thursday",30,"May",2019,"AVENT FERRY RD","No Special Feature","Clear","Stop sign"
"Monday",3,"June",2019,"GLENWOOD AVE","No Special Feature","Clear","No control present"
"Monday",24,"June",2019,"HILLSBOROUGH ST","No Special Feature","Clear","No control present"
"Sunday",30,"June",2019,"GORMAN ST","No Special Feature","Clear","Stop and go signal"
"Tuesday",9,"July",2019,"FALLS OF NEUSE RD","Four-way intersection","Clear","Stop and go signal"
"Tuesday",16,"July",2019,"1936 CRAG BURN LN","Driveway, private","Clear","No control present"
"Tuesday",30,"July",2019,"HILLSBOROUGH  ST","No Special Feature","Clear","No control present"
"Thursday",8,"August",2019,"LYNN RD","No Special Feature","Clear","No control present"
"Monday",19,"August",2019,"WILLIAMS RD","No Special Feature","Clear","Stop sign"
"Wednesday",21,"August",2019,"MAYVIEW RD","No Special Feature","Cloudy","No control present"
"Wednesday",28,"August",2019,"CAPITAL  BLVD","T-intersection","Clear","Stop sign"
"Sunday",1,"September",2019,"S WEST ST","No Special Feature","Cloudy","Stop and go signal"
"Tuesday",10,"September",2019,"4100 WESTERN BLVD","Driveway, public","Clear","No control present"
"Friday",13,"September",2019,"WESTERN BLVD","No Special Feature","Clear","No control present"
"Monday",16,"September",2019,"WESTERN  BLVD","No Special Feature","Clear","Stop and go signal"
"Tuesday",24,"September",2019,"HOVINGHAM WAY","No Special Feature","Clear","No control present"
"Tuesday",1,"October",2019,"GORMAN ST","No Special Feature","Clear","No control present"
"Thursday",3,"October",2019,"N STATE ST","Four-way intersection","Clear","Stop sign"
"Tuesday",8,"October",2019,"PACIFIC DR","Y-intersection","Cloudy","Stop and go signal"
"Friday",11,"October",2019,"OAKWOOD AVE","No Special Feature","Clear","Stop and go signal"
"Thursday",17,"October",2019,"FORUM DR","Driveway, public","Clear","No control present"
"Monday",21,"October",2019,"N KING CHARLES RD","No Special Feature","Clear","No control present"
"Sunday",27,"October",2019,"FALLS OF NEUSE RD","T-intersection","Clear","Stop sign"
"Wednesday",30,"October",2019,"BRENT RD","No Special Feature","Cloudy","No control present"
"Friday",1,"November",2019,"SUNNYBROOK RD","No Special Feature","Clear","Other*"
"Tuesday",5,"November",2019,"SPRING FOREST RD","No Special Feature","Clear","No control present"
"Sunday",10,"November",2019,"LITTLE JOHN RD","No Special Feature","Clear","No control present"
"Monday",11,"November",2019,"ROCK  QUARRY RD","No Special Feature","Clear","No control present"
"Wednesday",20,"November",2019,"CAPITAL  BLVD","No Special Feature","Clear","No control present"
"Friday",29,"November",2019,"CAROLINA PINES AVE","No Special Feature","Clear","Stop sign"
"Monday",16,"December",2019,"AVENT FERRY RD","T-intersection","Clear","Stop sign"
"Monday",16,"December",2019,"FALLS  OF NEUSE RD","T-intersection","Clear","Stop sign"
"Wednesday",18,"December",2019,"GLENWOOD AVE","No Special Feature","Clear","Stop and go signal"
"Thursday",19,"December",2019,"NEW  BERN AVE","No Special Feature","Clear","Stop and go signal"
"Thursday",26,"December",2019,"WIDE RIVER DR","Four-way intersection","Clear","Stop and go signal"
"Wednesday",1,"January",2020,"TRIANGLE TOWN BLVD","No Special Feature","Clear","No control present"
"Tuesday",7,"January",2020,"S MCDOWELL ST","Related to intersection","Cloudy","Stop and go signal"
"Saturday",11,"January",2020,"LAKE WHEELER RD","Off-ramp terminal on crossroad","Clear","Yied sign"
"Wednesday",15,"January",2020,"WOODBURN RD","No Special Feature","Clear","Stop sign"
"Saturday",25,"January",2020,"MARCOM ST","No Special Feature","Clear","No control present"
"Monday",27,"January",2020,"DURALEIGH RD","Alley intersection","Rain","Stop sign"
"Thursday",30,"January",2020,"HILLSBOROUGH ST","No Special Feature","Clear","Stop and go signal"
"Monday",10,"February",2020,"WESTERN  BLVD","Four-way intersection","Clear","Stop and go signal"
"Tuesday",11,"February",2020,"FAYETTEVILLE ST","T-intersection","Clear","Stop sign"
"Saturday",21,"March",2020,"40","No Special Feature","Clear","No control present"
"Monday",5,"December",2016,"SUNNYBROOK RD","Other","Clear","Yied sign"
"Sunday",2,"July",2017,"HILLSBOROUGH ST","Four-way intersection","Clear","Stop and go signal"
"Tuesday",28,"May",2019,"ILEAGNES RD","Driveway, public","Clear","No control present"
"Thursday",5,"December",2019,"SHANDA DR","No Special Feature","Clear","Stop and go signal"
"Thursday",5,"March",2020,"ASHE AVE","T-intersection","Rain","No control present"
"Thursday",9,"April",2020,"3000 CAPITAL BLVD","Driveway, public","Clear","No control present"
"Friday",17,"April",2020,"ZACHARY BROOK LN","T-intersection","Clear","Stop sign"
"Thursday",23,"April",2020,"WINDY HILL DR","No Special Feature","Clear","Double yellow line (no passing zone)"
"Sunday",3,"May",2020,"SANDY FORKS RD","No Special Feature","Clear","Flashing stop and go signal"
"Wednesday",6,"May",2020,"PERRY CREEK RD","No Special Feature","Clear","No control present"
"Monday",11,"May",2020,"HILLSBOROUGH ST","No Special Feature","Clear","No control present"
"Sunday",21,"June",2020,"KEITH DRIVE","Bridge","Clear","No control present"
"Monday",24,"August",2020,"PERRY CREEK RD","No Special Feature","Clear","Stop and go signal"
"Tuesday",30,"June",2020,"CLUBVALLEY WAY","T-intersection","Cloudy","Stop sign"
"Sunday",12,"July",2020,"NEW BERN AVE","No Special Feature","Clear","Flashing signal without stop sign"
"Thursday",23,"July",2020,"PERRY CREEK RD","No Special Feature","Clear","Stop and go signal"
"Friday",24,"July",2020,"METHOD RD","No Special Feature","Clear","No control present"
"Sunday",26,"July",2020,"SIX FORK RD","No Special Feature","Clear","Other*"
"Monday",10,"August",2020,"NEUSE CROSSING DR","T-intersection","Clear","No control present"
"Sunday",16,"August",2020,"TRAILWOOD DR","No Special Feature","Clear","Warning sign"
"Tuesday",18,"August",2020,"PERSON ST","No Special Feature","Clear","Stop and go signal"
"Thursday",3,"September",2020,"POWELL DR","No Special Feature","Clear","Stop and go signal"
"Friday",11,"September",2020,"CENTENNIAL PKWY","No Special Feature","Clear","Stop and go signal"
"Sunday",20,"September",2020,"421 CHAPANOKE RD","No Special Feature","Clear","No control present"
"Sunday",20,"September",2020,"W MILLBROOK RD","No Special Feature","Clear","Other*"
"Thursday",1,"October",2020,"LONGITUDE WAY","No Special Feature","Clear","No control present"
"Thursday",15,"October",2020,"SKINNER DRIVE","No Special Feature","Clear","No control present"
"Monday",19,"October",2020,"CAPITAL BLVD","No Special Feature","Clear","No control present"
"Wednesday",18,"November",2020,"NORTHCLIFT DR","No Special Feature","Clear","No control present"
"Tuesday",24,"November",2020,"PERSON ST","Four-way intersection","Clear","Stop and go signal"
"Friday",27,"November",2020,"N RALEIGH BLVD","Four-way intersection","Clear","Stop sign"
"Friday",11,"December",2020,"WAKEFIELD CROSSING DR","No Special Feature","Clear","Stop sign"
"Friday",11,"December",2020,"FALLS OF NEUSE RD","Four-way intersection","Clear","Stop and go signal"
"Thursday",14,"January",2021,"WADFORD DR","No Special Feature","Clear","No control present"
"Saturday",16,"January",2021,"W SOUTH ST","No Special Feature","Clear","No control present"
"Tuesday",16,"February",2021,"BEECHRIDGE RD","Related to intersection","Clear","Stop sign"
"Saturday",20,"February",2021,"314 S BLOUNT ST","Driveway, public","Clear","No control present"
"Sunday",21,"February",2021,"CARDINAL GROVE BLVD.","Four-way intersection","Clear","Stop sign"
"Tuesday",23,"February",2021,"KING CHARLES RD","Four-way intersection","Clear","Stop and go signal"
"Wednesday",24,"February",2021,"HILLSBOROUGH ST","Traffic circle/roundabout","Clear","No control present"
"Thursday",25,"February",2021,"S PERSON ST","No Special Feature","Clear","No control present"
"Tuesday",2,"March",2021,"HILLSBOROUGH  ST","Traffic circle/roundabout","Clear","Yied sign"
"Monday",15,"March",2021,"REEDY CREEK RD","No Special Feature","Clear","No control present"
"Tuesday",30,"March",2021,"HORNE ST","T-intersection","Clear","Stop and go signal"
"Thursday",1,"April",2021,"BLUE RIDGE RD","No Special Feature","Clear","Stop and go signal"
"Sunday",11,"April",2021,"STATE ST","No Special Feature","Clear","Stop sign"
"Monday",12,"April",2021,"S DAWSON ST","No Special Feature","Clear","No control present"
"Friday",16,"April",2021,"BERYL RD","No Special Feature","Clear","No control present"
"Monday",26,"April",2021,"WESTING HOUSE BLVD","No Special Feature","Clear","No control present"
"Saturday",1,"May",2021,"HILLSBOROUGH ST","T-intersection","Clear","No control present"
"Friday",14,"May",2021,"AVENT FERRY RD","T-intersection","Clear","No control present"
"Sunday",23,"May",2021,"HILLSBOROUGH ST","Four-way intersection","Clear","Stop and go signal"
"Tuesday",25,"May",2021,"SIX FORKS RD","No Special Feature","Clear","No control present"
"Friday",28,"May",2021,"S NEW HOPE RD","Four-way intersection","Clear","Stop and go signal"
"Sunday",30,"May",2021,"NEW HOPE CHURCH RD","No Special Feature","Clear","Stop and go signal"
"Saturday",5,"June",2021,"ASHE AVE","T-intersection","Clear","Stop sign"
"Wednesday",9,"June",2021,"HOPPER ST","Four-way intersection","Clear","Stop sign"
"Sunday",20,"June",2021,"GRANTLAND DR","Four-way intersection","Rain","No control present"
"Friday",25,"June",2021,"N PERSON ST","No Special Feature","Cloudy","No control present"
"Tuesday",6,"July",2021,"MELVID CT","No Special Feature","Clear","No control present"
"Tuesday",13,"July",2021,"SPRING FOREST RD","No Special Feature","Clear","Stop and go signal"
"Thursday",22,"July",2021,"PINCREST RD","Four-way intersection","Clear","No control present"
"Sunday",1,"August",2021,"N NEW HOPE RD","No Special Feature","Clear","NaN"
"Saturday",7,"August",2021,"ARCHEAN WAY","No Special Feature","Clear","No control present"
"Thursday",12,"August",2021,"HIGHWOODS BLVD","No Special Feature","Clear","No control present"
"Monday",16,"August",2021,"BATTELFORD DR","No Special Feature","Cloudy","Stop sign"
"Monday",23,"August",2021,"ROCK  QUARRY  RD","No Special Feature","Clear","Stop and go signal"
"Friday",27,"August",2021,"5301 GLENWOOD AVE","No Special Feature","Clear","No control present"
"Friday",3,"September",2021,"E. LANE STREET","No Special Feature","Clear","No control present"
"Tuesday",7,"September",2021,"CENTENNIAL PKWY","No Special Feature","Clear","No control present"
"Tuesday",7,"September",2021,"TRAILWOOD DR","T-intersection","Clear","Stop and go signal"
"Friday",10,"September",2021,"AVENT FERRY RD","T-intersection","Clear","No control present"
"Saturday",25,"September",2021,"HILLSBOROUGH  ST","No Special Feature","Clear","No control present"
"Wednesday",29,"September",2021,"AVENT FERRY RD","No Special Feature","Clear","Stop and go signal"
"Friday",1,"October",2021,"HILLSBOROUGH ST","No Special Feature","Clear","Stop and go signal"
"Sunday",3,"October",2021,"WILDWOOD FOREST DR","T-intersection","Clear","Stop sign"
"Monday",4,"October",2021,"401 GLENWOOD AVE","No Special Feature","Clear","No control present"
"Wednesday",6,"October",2021,"WESTERN  BLVD","No Special Feature","Clear","No control present"
"Saturday",9,"October",2021,"GLENWOOD  AVE","No Special Feature","Rain","Stop and go signal"
"Tuesday",12,"October",2021,"NEW BERN AVE","Four-way intersection","Clear","No control present"
"Tuesday",12,"October",2021,"SPRING FOREST RD","Four-way intersection","Clear","Stop and go signal"
"Saturday",16,"October",2021,"E SOUTH ST","Four-way intersection","Clear","Stop and go signal"
"Friday",15,"October",2021,"CREEDMOOR RD","No Special Feature","Clear","Stop and go signal"
"Monday",18,"October",2021,"FAYETTEVILLE ST","No Special Feature","Clear","No control present"
"Wednesday",20,"October",2021,"ST MARYS STREET","No Special Feature","Clear","No control present"
"Friday",22,"October",2021,"HILLSBOROUGH ST","No Special Feature","Clear","No control present"
"Wednesday",27,"October",2021,"S SALISBURY ST","No Special Feature","Clear","No control present"
"Wednesday",3,"November",2021,"BRIER CREEK PARKWAY","T-intersection","Clear","Stop and go signal"
"Tuesday",9,"November",2021,"GLENWOOD AVE","No Special Feature","Clear","No control present"
"Wednesday",10,"November",2021,"W PEACE ST","No Special Feature","Clear","Stop and go signal"
"Saturday",13,"November",2021,"TRAILWOOD DR","Four-way intersection","Clear","Stop and go signal"
"Saturday",13,"November",2021,"HARGETT ST","No Special Feature","Clear","Stop and go signal"
"Saturday",20,"November",2021,"CAPITAL BLVD","T-intersection","Clear","No control present"
"Tuesday",23,"November",2021,"RALEIGH BLVD","No Special Feature","Clear","No control present"
"Friday",26,"November",2021,"HILLSBOROUGH  ST","No Special Feature","Clear","No control present"
"Monday",6,"December",2021,"KYLE DR","No Special Feature","Clear","No control present"
"Tuesday",14,"December",2021,"OBERLIN RD","T-intersection","Clear","Stop sign"
"Saturday",1,"January",2022,"HOKE ST","No Special Feature","Clear","Stop sign"
"Saturday",15,"January",2022,"FALLS OF NEUSE RD","No Special Feature","Cloudy","No control present"
"Sunday",30,"January",2022,"NAVAHO DR","No Special Feature","Clear","No control present"
"Friday",11,"February",2022,"N BOYLAN AVENUE","No Special Feature","Clear","Stop and go signal"
"Monday",21,"February",2022,"RIDGE RD","No Special Feature","Clear","No control present"
"Wednesday",23,"February",2022,"TRYON RD","T-intersection","Clear","No control present"
"Friday",18,"February",2022,"BAGWELL AVE","No Special Feature","Clear","No control present"
"Wednesday",2,"March",2022,"BLOUNT ST","T-intersection","Clear","No control present"
"Wednesday",2,"March",2022,"WINDJAMMER DR","Four-way intersection","Clear","Stop sign"
"Wednesday",16,"March",2022,"S MCDOWELL ST","No Special Feature","Clear","Stop and go signal"
"Saturday",19,"March",2022,"WILMINGTON ST","No Special Feature","Clear","Stop and go signal"
"Thursday",24,"March",2022,"5103 WESTERN BLVD","Other","Clear","NaN"
"Friday",25,"March",2022,"SIX FORKS RD","T-intersection","Clear","Stop sign"
"Wednesday",30,"March",2022,"S BOYLAN AVE","Four-way intersection","Clear","Stop and go signal"
"Friday",1,"April",2022,"TALL PINES CT","No Special Feature","Clear","No control present"
"Sunday",3,"April",2022,"WESTGATE RD","No Special Feature","Clear","No control present"
"Monday",11,"April",2022,"715 NAZARETH ST","Driveway, public","Clear","No control present"
"Thursday",14,"April",2022,"HILLSBOROUGH ST","No Special Feature","Clear","No control present"
"Thursday",21,"April",2022,"BARRYMORE ST","T-intersection","Clear","Stop sign"
"Monday",25,"April",2022,"REEDY CREEK RD","Four-way intersection","Clear","Stop and go signal"
"Thursday",5,"May",2022,"CLARK AVE","No Special Feature","Clear","Stop and go signal"
"Thursday",26,"May",2022,"PERRY CREEK RD","T-intersection","Clear","Stop sign"
"Saturday",28,"May",2022,"NEW HOPE CHURCH RD","Four-way intersection","Clear","Stop and go signal"
"Tuesday",31,"May",2022,"N HARRINGTON ST","No Special Feature","Clear","Stop and go signal"
"Friday",3,"June",2022,"EDWARDS MILL RD","No Special Feature","Clear","No control present"
"Sunday",5,"June",2022,"ASHE AVE","No Special Feature","Clear","Stop sign"
"Wednesday",8,"June",2022,"OLD LOUISBURG RD","No Special Feature","Clear","No control present"
"Saturday",4,"June",2022,"ARBOR OAKS LN","No Special Feature","Clear","No control present"
"Wednesday",15,"June",2022,"NORTH HILLS DR","No Special Feature","Clear","Stop sign"
"Thursday",23,"June",2022,"TARBORO RD","T-intersection","Clear","Stop and go signal"
"Friday",24,"June",2022,"EDWARDS MILL RD","Four-way intersection","Clear","Stop and go signal"
"Saturday",9,"July",2022,"BLUE RIDGE RD","Four-way intersection","Clear","Stop and go signal"
"Monday",18,"July",2022,"CAPITAL  BLVD","No Special Feature","Clear","No control present"
"Tuesday",2,"August",2022,"FALLS OF NEUSE RD","T-intersection","Clear","Stop sign"
"Monday",18,"July",2022,"RIDGEFIELD DR","No Special Feature","Clear","Stop sign"
"Saturday",6,"August",2022,"4720 COURTNEY LN","No Special Feature","Clear","No control present"
"Tuesday",16,"August",2022,"4105 WAKE FOREST ROAD","Driveway, public","Clear","No control present"
"Saturday",13,"August",2022,"RALEIGH BLVD","No Special Feature","Clear","Stop and go signal"
"Tuesday",6,"September",2022,"CREEDMOOR RD","No Special Feature","Cloudy","No control present"
"Wednesday",7,"September",2022,"CARY TOWNE BLVD","No Special Feature","Clear","Stop and go signal"
"Thursday",8,"September",2022,"AVENT FERRY RD","No Special Feature","Clear","No control present"
"Friday",23,"September",2022,"SHANTA DR","No Special Feature","Clear","Stop sign"
"Saturday",8,"October",2022,"EAST ST","No Special Feature","Clear","No control present"
"Sunday",16,"October",2022,"SIX FORK RD","NaN","Clear","NaN"
"Sunday",6,"November",2022,"ACHIEVEMENT DR","T-intersection","Clear","Stop and go signal"
"Sunday",13,"November",2022,"S SAUNDERS ST","No Special Feature","Clear","No control present"
"Friday",18,"November",2022,"N NEW HOPE  RD","No Special Feature","Clear","Stop and go signal"
"Friday",6,"January",2023,"WOODBURN RD","No Special Feature","Clear","No control present"
"Wednesday",11,"January",2023,"WAKEFIELD CROSSING DR","Four-way intersection","Clear","Stop sign"
"Wednesday",18,"January",2023,"WESTERN  BLVD","No Special Feature","Clear","Stop and go signal"
"Wednesday",18,"January",2023,"6647 FALLS OF NEUSE RD","No Special Feature","Cloudy","NaN"
"Thursday",26,"January",2023,"TRAILWOOD DR","Four-way intersection","Cloudy","Stop and go signal"
"Monday",16,"January",2023,"LEAD MINE RD","No Special Feature","Clear","Stop and go signal"
"Saturday",4,"February",2023,"HUNT DR","No Special Feature","Clear","Stop sign"
"Tuesday",7,"February",2023,"S BLOUNT ST","Four-way intersection","Clear","Stop and go signal"
"Monday",13,"March",2023,"CAMERON ST","No Special Feature","Rain","No control present"
"Friday",31,"March",2023,"TRAWICK RD","No Special Feature","Clear","Stop and go signal"
"Monday",3,"April",2023,"VILLAGE BLUFF PL","Driveway, private","Clear","Stop sign"
"Thursday",6,"April",2023,"HILLSBOROUGH ST","Four-way intersection","Cloudy","Stop and go signal"
"Thursday",27,"April",2023,"CAPITAL  BLVD","No Special Feature","Clear","Stop and go signal"
"Thursday",27,"April",2023,"ATLANTIC  AVE","Four-way intersection","Rain","Stop and go signal"
"Tuesday",2,"May",2023,"SPRINGFIELD COMMONS DR","No Special Feature","Clear","Stop sign"
"Thursday",4,"May",2023,"WESTERN  BLVD","No Special Feature","Clear","No control present"
"Sunday",7,"May",2023,"N BLOODWORTH","Four-way intersection","Clear","Stop sign"
"Thursday",11,"May",2023,"9910 PINEVILLE RD","No Special Feature","Clear","No control present"
"Friday",9,"June",2023,"HOYLE DR","T-intersection","Clear","No control present"
"Sunday",11,"June",2023,"4800 SIX FORKS RD","No Special Feature","Clear","No control present"
"Saturday",17,"June",2023,"HILLSBOROUGH  ST","No Special Feature","Clear","No control present"
"Friday",7,"July",2023,"FALLS  OF NEUSE RD","T-intersection","Clear","Stop and go signal"
"Friday",7,"July",2023,"COOKE ST","Four-way intersection","Clear","Stop sign"
"Wednesday",5,"July",2023,"HARGETT ST","No Special Feature","Clear","Stop and go signal"
"Wednesday",12,"July",2023,"GLENWOOD AVE","No Special Feature","Clear","No control present"
"Thursday",20,"July",2023,"N NEW HOPE  RD","No Special Feature","Clear","Stop sign"
"Wednesday",26,"July",2023,"PRINCETON CREEK LN","Four-way intersection","Clear","No control present"
"Sunday",30,"July",2023,"CRAB ORCHARD DR","No Special Feature","Clear","NaN"
"Friday",4,"August",2023,"WAKE FOREST RD","No Special Feature","Cloudy","Stop sign"
"Tuesday",8,"August",2023,"PERRY CREEK RD","Four-way intersection","Clear","Stop and go signal"
"Wednesday",9,"August",2023,"ST ALBANS DR","No Special Feature","Clear","No control present"
"Friday",18,"August",2023,"2815 S SAUNDERS ST","Driveway, public","Clear","No control present"
"Wednesday",30,"August",2023,"CAPITAL BLVD","No Special Feature","Rain","No control present"
"Friday",1,"September",2023,"TRYON RD","No Special Feature","Clear","No control present"
"Friday",8,"September",2023,"PETERSON ST","No Special Feature","Rain","No control present"
"Thursday",14,"September",2023,"2100 YONKERS RD","No Special Feature","Clear","No control present"
"Tuesday",5,"September",2023,"W PEACE ST","Four-way intersection","Clear","Stop and go signal"
"Sunday",17,"September",2023,"DAVIE ST","No Special Feature","Clear","Stop sign"
"Saturday",12,"August",2023,"CAPITAL BLVD","No Special Feature","Clear","Stop and go signal"
"Monday",2,"October",2023,"CLARK AVE","Four-way intersection","Clear","Stop sign"
"Friday",13,"October",2023,"HILLSBOROUGH ST","No Special Feature","Clear","No control present"
"Friday",13,"October",2023,"LUMLEY RD","Four-way intersection","Clear","Stop and go signal"
"Friday",13,"October",2023,"GARNER RD","No Special Feature","Clear","No control present"
"Friday",20,"October",2023,"4750 CAPITAL BLVD","Driveway, public","Clear","No control present"
"Saturday",21,"October",2023,"YOUTH CENTER DR","Alley intersection","Clear","No control present"
"Tuesday",14,"November",2023,"HILLSBOROUGH ST","No Special Feature","Clear","Stop and go signal"
"Saturday",18,"November",2023,"CAROLINA PINES AVE","No Special Feature","Clear","No control present"
"Saturday",13,"January",2024,"LOUISBURG RD","No Special Feature","Cloudy","No control present"
