"year","month","tmean","tmin","tmax","precip"
"2023","07",27.268798828125,22.1418991088867,32.3957977294922,114.655097961426
"2023","08",26.3313999176025,20.873498916626,31.7894992828369,94.6811981201172
"2023","09",22.3230991363525,16.8722991943359,27.7740001678467,125.538597106934
"2023","10",17.202600479126,11.0188999176025,23.3864994049072,32.2430992126465
"2023","11",10.1584997177124,3.07279992103577,17.2442989349365,58.3916969299316
"2023","12",8.33249950408936,1.57219994068146,15.092999458313,185.753997802734
"1981","01",1.56200003623962,-5.32000017166138,8.44499969482422,29.1539993286133
"1981","02",6.52400016784668,-0.967999994754791,14.0159997940063,84.7360000610352
"1981","03",8.40900039672852,0.773999989032745,16.0459995269775,53.8959999084473
"1981","04",17.3870010375977,9.73600006103516,25.0380001068115,17.3169994354248
"1981","05",18.3980007171631,11.21399974823,25.5849990844727,71.068000793457
"1981","06",26.2430019378662,19.8780002593994,32.609001159668,59.9249992370605
"1981","07",26.2840003967285,20.3470001220703,32.2229995727539,97.9789962768555
"1981","08",23.5930004119873,17.8920001983643,29.2950000762939,144.404006958008
"1981","09",20.5880012512207,13.7950000762939,27.3810005187988,61.3139991760254
"1981","10",14.4690008163452,6.96000003814697,21.9790000915527,94.2620010375977
"1981","11",10.2130002975464,2.91199994087219,17.5160007476807,23.0779991149902
"1981","12",4.06700038909912,-1.8400000333786,9.97500038146973,109.052001953125
"1982","01",1.11300003528595,-4.43900012969971,6.66699981689453,146.087005615234
"1982","02",7.67700052261353,1.73699998855591,13.6190004348755,132.328994750977
"1982","03",10.4380006790161,3.80800008773804,17.0699996948242,80.2259979248047
"1982","04",14.2610006332397,7.30399990081787,21.2199993133545,85.2360000610352
"1982","05",21.3560009002686,14.2030000686646,28.5100002288818,104.504997253418
"1982","06",23.4130020141602,17.9759998321533,28.8519992828369,181.037994384766
"1982","07",25.8760013580322,20.5709991455078,31.181999206543,98.8690032958984
"1982","08",24.2550010681152,18.5960006713867,29.9139995574951,111.342002868652
"1982","09",20.8320007324219,14.6820001602173,26.9829998016357,50.1040000915527
"1982","10",15.3150005340576,9.18400001525879,21.4479999542236,95.8840026855469
"1982","11",11.617000579834,4.76599979400635,18.4699993133545,46.4679985046387
"1982","12",8.98800086975098,3.04699993133545,14.9300003051758,107.400001525879
"1983","01",3.64400029182434,-1.23500001430511,8.52499961853027,48.0999984741211
"1983","02",5.29600048065186,-0.595000028610229,11.1879997253418,151.475006103516
"1983","03",11.0510005950928,5.05800008773804,17.0459995269775,180.97900390625
"1983","04",13.1510009765625,6.83900022506714,19.4640007019043,95.5370025634766
"1983","05",19.4120006561279,12.8800001144409,25.9440002441406,127.394996643066
"1983","06",23.2310009002686,16.7320003509521,29.7310009002686,98.4219970703125
"1983","07",26.5500011444092,19.8549995422363,33.2470016479492,42.806999206543
"1983","08",26.6800022125244,19.7549991607666,33.6059989929199,57.242000579834
"1983","09",22.1470012664795,15.2329998016357,29.0620002746582,72.3349990844727
"1983","10",16.1080017089844,10.0539999008179,22.1630001068115,95.1949996948242
"1983","11",10.653000831604,3.74900007247925,17.5580005645752,87.9469985961914
"1983","12",4.51700019836426,-1.52300000190735,10.5579996109009,166.102996826172
"1984","01",2.81100010871887,-2.92199993133545,8.54399967193604,112.224998474121
"1984","02",8.23300075531006,1.61600005626678,14.8500003814697,139.516998291016
"1984","03",8.67600059509277,1.9099999666214,15.4440002441406,161.395004272461
"1984","04",13.653000831604,7.49300003051758,19.8139991760254,107.124000549316
"1984","05",19.5800018310547,12.9309997558594,26.2310009002686,197.651000976562
"1984","06",24.5580005645752,18.2220001220703,30.8950004577637,89.6510009765625
"1984","07",24.6720008850098,19.7779998779297,29.568000793457,220.72200012207
"1984","08",24.8980007171631,19.4389991760254,30.3579998016357,38.5190010070801
"1984","09",20.2680015563965,14.2580003738403,26.2779998779297,43.9550018310547
"1984","10",19.193000793457,13.4919996261597,24.8959999084473,57.6580009460449
"1984","11",8.5910005569458,1.29100000858307,15.8929996490479,34.8870010375977
"1984","12",9.54000091552734,2.65799999237061,16.4230003356934,58.8899993896484
"1985","01",1.41100001335144,-4.04899978637695,6.87200021743774,99.8059997558594
"1985","02",5.5930004119873,-0.206000000238419,11.3929996490479,123.807998657227
"1985","03",11.8720006942749,4.44799995422363,19.2970008850098,33.3370018005371
"1985","04",17.6430015563965,9.60200023651123,25.6849994659424,11.7329998016357
"1985","05",20.4780006408691,13.9350004196167,27.0209999084473,78.6880035400391
"1985","06",24.3130016326904,17.7360000610352,30.8910007476807,77.4209976196289
"1985","07",25.3010005950928,20.0429992675781,30.5599994659424,134.873992919922
"1985","08",24.2630004882812,18.8349990844727,29.6919994354248,122.936996459961
"1985","09",21.5910015106201,15.25,27.9330005645752,13.5909996032715
"1985","10",18.242000579834,12.4870004653931,23.9969997406006,68.5059967041016
"1985","11",15.367000579834,9.77299976348877,20.9629993438721,183.427001953125
"1985","12",4.35500001907349,-2.11199998855591,10.8219995498657,33.306999206543
"1986","01",3.94800019264221,-2.25200009346008,10.1499996185303,46.0200004577637
"1986","02",7.00500011444092,1.37199997901917,12.6409997940063,53.0139999389648
"1986","03",10.4500007629395,3.4449999332428,17.4570007324219,55.5130004882812
"1986","04",16.6730003356934,8.67700004577637,24.6709995269775,19.4489994049072
"1986","05",20.3120002746582,13.5839996337891,27.0429992675781,69.7990036010742
"1986","06",25.6820011138916,19.1959991455078,32.1699981689453,44.8569984436035
"1986","07",27.9550018310547,21.4699993133545,34.4420013427734,105.343002319336
"1986","08",24.2390003204346,19.1159992218018,29.3640003204346,317.665008544922
"1986","09",21.9860019683838,16.5319995880127,27.4409999847412,10.625
"1986","10",17.4190006256104,11.289999961853,23.5499992370605,43.5979995727539
"1986","11",11.4530000686646,6.625,16.2819995880127,53.1980018615723
"1986","12",5.90200042724609,-0.224000006914139,12.0299997329712,93.4049987792969
"1987","01",3.57100009918213,-1.83000004291534,8.97200012207031,186.841003417969
"1987","02",4.22600030899048,-1.62800002098083,10.081000328064,103.422996520996
"1987","03",9.45700073242188,2.78200006484985,16.1319999694824,114.171997070312
"1987","04",13.9120006561279,7.82100009918213,20.0030002593994,130.285003662109
"1987","05",20.9130001068115,14.4040002822876,27.4230003356934,41.9059982299805
"1987","06",24.8870010375977,19.1030006408691,30.6720008850098,60.6450004577637
"1987","07",27.3900012969971,21.2390003204346,33.5419998168945,42.5859985351562
"1987","08",26.2330017089844,20.7810001373291,31.6860008239746,80.6149978637695
"1987","09",22.6830005645752,17.2299995422363,28.1380004882812,152.875
"1987","10",12.5100002288818,5.02099990844727,20.0009994506836,43.1949996948242
"1987","11",11.2580003738403,3.87199997901917,18.6450004577637,63.1809997558594
"1987","12",6.81900024414062,0.850000023841858,12.7880001068115,78.6220016479492
"1988","01",1.17700004577637,-4.13000011444092,6.48600006103516,87.4079971313477
"1988","02",5.43900012969971,-1.05499994754791,11.9329996109009,59.2789993286133
"1988","03",9.97400093078613,2.86299991607666,17.0860004425049,44.7980003356934
"1988","04",14.484001159668,6.96999979019165,22,80.8629989624023
"1988","05",18.9010009765625,11.6190004348755,26.1830005645752,76.9690017700195
"1988","06",23.2200012207031,16.1259994506836,30.3169994354248,96.4619979858398
"1988","07",26.3190021514893,20.2919998168945,32.3479995727539,108.646003723145
"1988","08",27.1020011901855,21.4689998626709,32.7379989624023,80.9400024414062
"1988","09",21.2350006103516,15.9720001220703,26.4990005493164,111.685997009277
"1988","10",12.9700002670288,6.18100023269653,19.7590007781982,95.6470031738281
"1988","11",10.6740007400513,3.55100011825562,17.7970008850098,111.625
"1988","12",5.00800037384033,-2.02600002288818,12.043999671936,16.0149993896484
"1989","01",7.1100001335144,1.33500003814697,12.8850002288818,47.0789985656738
"1989","02",6.69100046157837,0.658999979496002,12.7259998321533,154.09700012207
"1989","03",9.96700000762939,3.99600005149841,15.9399995803833,157.74299621582
"1989","04",14.7320003509521,7.82299995422363,21.6420001983643,141.636993408203
"1989","05",18.2790012359619,11.6180000305176,24.9400005340576,131.466003417969
"1989","06",25.1860008239746,19.5450000762939,30.8279991149902,207.057006835938
"1989","07",25.5200004577637,20.2259998321533,30.8159999847412,138.483001708984
"1989","08",24.5420017242432,19.761999130249,29.3239994049072,149.783004760742
"1989","09",22.3790016174316,17.0440006256104,27.7140007019043,98.0950012207031
"1989","10",16.1370010375977,9.4040002822876,22.8700008392334,119.449996948242
"1989","11",11.0100002288818,4.19500017166138,17.8250007629395,86.8720016479492
"1989","12",0.961000025272369,-4.67000007629395,6.5939998626709,83.5879974365234
"1990","01",9.03299999237061,2.49000000953674,15.5769996643066,90.6240005493164
"1990","02",10.2200002670288,3.33200001716614,17.1089992523193,89.4720001220703
"1990","03",12.746000289917,6.11499977111816,19.378999710083,139.619003295898
"1990","04",15.778000831604,8.36999988555908,23.1870002746582,65.2190017700195
"1990","05",19.7310009002686,13.6070003509521,25.8560009002686,179.154998779297
"1990","06",23.8680019378662,17.4379997253418,30.298999786377,41.0429992675781
"1990","07",26.7470016479492,20.8099994659424,32.6860008239746,79.3430023193359
"1990","08",25.4560012817383,20.1509990692139,30.7630004882812,132.050003051758
"1990","09",21.9340019226074,15.3780002593994,28.4899997711182,6.13000011444092
"1990","10",17.859001159668,11.0740003585815,24.6450004577637,135.520004272461
"1990","11",12.1840009689331,4.28299999237061,20.0860004425049,42.8359985351562
"1990","12",8.98500061035156,3.1470000743866,14.8249998092651,87.2239990234375
"1991","01",5.7310004234314,0.351999998092651,11.1120004653931,122.570999145508
"1991","02",8.29600048065186,1.69700002670288,14.8950004577637,15.6680002212524
"1991","03",12.2440004348755,5.84299993515015,18.6469993591309,128.507995605469
"1991","04",16.7230014801025,10.5590000152588,22.886999130249,42.8269996643066
"1991","05",22.355001449585,16.5359992980957,28.1770000457764,90.9509963989258
"1991","06",24.4330005645752,18.3540000915527,30.5130004882812,113.636001586914
"1991","07",27.2540016174316,22.1240005493164,32.3849983215332,181.897994995117
"1991","08",25.1290016174316,20.2660007476807,29.992000579834,123.392997741699
"1991","09",21.9650001525879,15.7550001144409,28.1749992370605,56.7529983520508
"1991","10",15.9550008773804,9.03800010681152,22.8729991912842,37.6230010986328
"1991","11",9.32300090789795,2.21499991416931,16.4330005645752,25.7959995269775
"1991","12",8.05000019073486,1.05799996852875,15.043999671936,80.302001953125
"1992","01",5.90800046920776,0.0850000008940697,11.7320003509521,111.144996643066
"1992","02",7.79900026321411,1.23000001907349,14.3680000305176,56.0349998474121
"1992","03",9.90000057220459,2.55200004577637,17.2490005493164,91.234001159668
"1992","04",15.0570011138916,8.04899978637695,22.0659999847412,53.9630012512207
"1992","05",17.5,11.3450002670288,23.6569995880127,86.5979995727539
"1992","06",22.1260013580322,16.8689994812012,27.3859996795654,190.52099609375
"1992","07",26.9220008850098,21.3290004730225,32.5169982910156,81.5979995727539
"1992","08",23.6000003814697,18.6949996948242,28.5060005187988,117.685997009277
"1992","09",22.238000869751,17.011999130249,27.4650001525879,45.6870002746582
"1992","10",14.452000617981,7.72900009155273,21.1760005950928,120.776000976562
"1992","11",10.9020004272461,5.45800018310547,16.3479995727539,157.966003417969
"1992","12",5.51600027084351,0.119999997317791,10.914999961853,67.8059997558594
"1993","01",6.25900030136108,0.952000021934509,11.5670003890991,120.779998779297
"1993","02",4.76500034332275,-1.78400003910065,11.3140001296997,55.4410018920898
"1993","03",8.51000022888184,2.24900007247925,14.7729997634888,164.501998901367
"1993","04",13.9320011138916,6.625,21.2399997711182,119.34700012207
"1993","05",20.693000793457,14.3219995498657,27.0650005340576,90.1039962768555
"1993","06",24.6260013580322,18.2490005493164,31.0030002593994,20.0480003356934
"1993","07",28.0800018310547,21.8719997406006,34.2900009155273,74.7119979858398
"1993","08",25.5420017242432,19.5769996643066,31.5090007781982,62.507999420166
"1993","09",23.101001739502,17.0429992675781,29.1609992980957,109.958999633789
"1993","10",15.1860008239746,8.82900047302246,21.5440006256104,99.568000793457
"1993","11",10.5500001907349,3.89000010490417,17.2119998931885,76.2109985351562
"1993","12",4.53200006484985,-1.42999994754791,10.4940004348755,84.838996887207
"1994","01",2.74200010299683,-3.3529999256134,8.83600044250488,101.831001281738
"1994","02",6.30700016021729,-0.160999998450279,12.7740001678467,87.1309967041016
"1994","03",11.2680006027222,4.44099998474121,18.0960006713867,148.272994995117
"1994","04",17.3010005950928,9.86400032043457,24.738000869751,31.4589996337891
"1994","05",17.9630012512207,11.2799997329712,24.6480007171631,81.2630004882812
"1994","06",25.1670017242432,19.6520004272461,30.6830005645752,100.01000213623
"1994","07",26.7030010223389,21.7889995574951,31.6189994812012,125.15299987793
"1994","08",24.0480003356934,18.6879997253418,29.4099998474121,128.156005859375
"1994","09",20.5180015563965,14.7239999771118,26.3139991760254,63.6609992980957
"1994","10",14.8810005187988,8.4370002746582,21.326000213623,121.646003723145
"1994","11",12.5160007476807,5.64400005340576,19.3889999389648,44.5890007019043
"1994","12",8.34800052642822,2.72699999809265,13.9709997177124,30.2980003356934
"1995","01",5.64500045776367,0.157000005245209,11.1339998245239,134.38200378418
"1995","02",4.58500003814697,-1.0440000295639,10.2150001525879,137.375
"1995","03",11.3400001525879,4.22800016403198,18.4529991149902,98.1809997558594
"1995","04",15.9160003662109,8.6870002746582,23.1450004577637,33.4169998168945
"1995","05",20.113000869751,13.9729995727539,26.253999710083,90.7839965820312
"1995","06",23.1660003662109,18.2469997406006,28.0869998931885,258.510009765625
"1995","07",26.4990005493164,20.8689994812012,32.1310005187988,73.495002746582
"1995","08",26.3340015411377,20.8099994659424,31.8600006103516,123.740997314453
"1995","09",21.1950016021729,16.3020000457764,26.0890007019043,89.7480010986328
"1995","10",17.2360000610352,10.8979997634888,23.5750007629395,247.160995483398
"1995","11",8.07299995422363,1.91999995708466,14.2270002365112,123.339996337891
"1995","12",3.51600027084351,-2.60500001907349,9.63899993896484,44.4529991149902
"1996","01",3.40100026130676,-1.89800000190735,8.70199966430664,120.611000061035
"1996","02",5.60400009155273,-0.381999999284744,11.5900001525879,67.015998840332
"1996","03",7.65900039672852,1.60000002384186,13.7189998626709,92.056999206543
"1996","04",15.2030010223389,8.69699954986572,21.7110004425049,104.851997375488
"1996","05",20.2280006408691,13.9219999313354,26.5359992980957,102.259002685547
"1996","06",24.6450004577637,18.8700008392334,30.4200000762939,77.8280029296875
"1996","07",25.9600009918213,20.8250007629395,31.0949993133545,155.731002807617
"1996","08",23.9990005493164,19.1700000762939,28.8290004730225,109.112998962402
"1996","09",21.730001449585,16.3360004425049,27.1240005493164,309.292999267578
"1996","10",15.9850006103516,9.82199954986572,22.1490001678467,94.0960006713867
"1996","11",7.80600023269653,1.7150000333786,13.8970003128052,87.9789962768555
"1996","12",7.32400035858154,1.26499998569489,13.3859996795654,87.1719970703125
"1997","01",5.2180004119873,-0.587999999523163,11.0249996185303,79.7320022583008
"1997","02",8.10599994659424,2.14599990844727,14.0679998397827,75.1880035400391
"1997","03",12.8440008163452,5.59299993515015,20.0970001220703,87.2050018310547
"1997","04",13.4120006561279,6.66599988937378,20.1609992980957,135.244995117188
"1997","05",18.0790004730225,10.8120002746582,25.3479995727539,53.6240005493164
"1997","06",22.1410007476807,16.4009990692139,27.8819999694824,103.66300201416
"1997","07",26.6990013122559,20.8889999389648,32.5110015869141,124.723999023438
"1997","08",24.5460014343262,18.3290004730225,30.7630004882812,32.7089996337891
"1997","09",21.7850017547607,16.1340007781982,27.4360008239746,68.1370010375977
"1997","10",15.9000005722046,9.59200000762939,22.2089996337891,75.7279968261719
"1997","11",8.67100048065186,2.67000007629395,14.673999786377,89.1139984130859
"1997","12",5.57000017166138,0.0860000029206276,11.0550003051758,86.8809967041016
"1998","01",7.13800048828125,2.07699990272522,12.2019996643066,209.320007324219
"1998","02",7.65900039672852,2.14299988746643,13.1770000457764,137.432998657227
"1998","03",10.3730001449585,4.41599988937378,16.3320007324219,188.828994750977
"1998","04",15.5050010681152,9.18599987030029,21.826000213623,91.4850006103516
"1998","05",20.8560009002686,15.1149997711182,26.5990009307861,98.806999206543
"1998","06",25.052001953125,19.2959995269775,30.8090000152588,69.6179962158203
"1998","07",26.6080017089844,20.92799949646,32.2900009155273,119.579002380371
"1998","08",25.2860012054443,19.7159996032715,30.8570003509521,93.838996887207
"1998","09",23.5540008544922,17.4599990844727,29.6490001678467,82.875
"1998","10",16.3819999694824,9.57199954986572,23.1940002441406,57.8950004577637
"1998","11",10.8040008544922,3.98499989509583,17.625,61.5800018310547
"1998","12",8.41300010681152,2.81599998474121,14.0129995346069,92.0400009155273
"1999","01",7.81300020217896,1.05599999427795,14.5719995498657,148.25
"1999","02",7.32900047302246,0.45100000500679,14.2080001831055,44.9749984741211
"1999","03",8.55100059509277,1.46899998188019,15.6359996795654,104.430999755859
"1999","04",16.3490009307861,9.6230001449585,23.076000213623,67.9059982299805
"1999","05",19.1120014190674,12.6440000534058,25.5809993743896,32.0099983215332
"1999","06",23.1800003051758,17.7749996185303,28.5860004425049,44.2360000610352
"1999","07",26.6940021514893,21.2299995422363,32.1590003967285,75.2050018310547
"1999","08",26.5800018310547,20.5639991760254,32.5979995727539,108.96900177002
"1999","09",20.6720008850098,15.5459995269775,25.798999786377,509.944000244141
"1999","10",14.9670009613037,9.01200008392334,20.923999786377,98.4209976196289
"1999","11",12.8860006332397,5.81500005722046,19.9580001831055,39.6510009765625
"1999","12",6.39800024032593,-0.0790000036358833,12.8760004043579,60.765998840332
"2000","01",3.94300007820129,-1.81200003623962,9.69999980926514,147.929000854492
"2000","02",7.73900032043457,0.865000009536743,14.6149997711182,52.4809989929199
"2000","03",12.3030004501343,5.29400014877319,19.3139991760254,64.1920013427734
"2000","04",14.4650011062622,8.04599952697754,20.8850002288818,92.2689971923828
"2000","05",21.4520015716553,14.7229995727539,28.181999206543,32.8759994506836
"2000","06",24.8380012512207,19.1359996795654,30.5410003662109,149.669998168945
"2000","07",24.7780017852783,19.8850002288818,29.6720008850098,153.968994140625
"2000","08",24.3800010681152,19.0690002441406,29.6909999847412,131.641006469727
"2000","09",21.1570014953613,16.375,25.9400005340576,220.335006713867
"2000","10",15.7980003356934,8.39200019836426,23.2059993743896,0
"2000","11",8.92900085449219,2.43099999427795,15.4280004501343,62.9749984741211
"2000","12",2.1010000705719,-3.72900009155273,7.93100023269653,30.0189990997314
"2001","01",4.57200002670288,-1.65600001811981,10.8009996414185,36.7249984741211
"2001","02",8.35599994659424,1.82500004768372,14.8870000839233,56.2459983825684
"2001","03",8.86900043487549,2.63700008392334,15.1029996871948,151.54899597168
"2001","04",16.1710014343262,9.22799968719482,23.1159992218018,66.1640014648438
"2001","05",19.867000579834,13.2639999389648,26.4710006713867,76.2030029296875
"2001","06",24.4090003967285,19.3209991455078,29.4979991912842,205.639999389648
"2001","07",24.5310020446777,19.4769992828369,29.5869998931885,172.541000366211
"2001","08",25.3950004577637,19.9740009307861,30.8169994354248,112.028999328613
"2001","09",20.5490016937256,14.8420000076294,26.2569999694824,49.6339988708496
"2001","10",15.0260009765625,7.49399995803833,22.5599994659424,47.9959983825684
"2001","11",13.0160007476807,5.15100002288818,20.882999420166,25.5629997253418
"2001","12",9.42900085449219,2.77300000190735,16.0860004425049,49.4990005493164
"2002","01",6.14800024032593,0.00600000005215406,12.2919998168945,137.531005859375
"2002","02",8.09000015258789,1.11600005626678,15.0649995803833,36.1640014648438
"2002","03",11.2600002288818,4.02400016784668,18.4969997406006,68.7020034790039
"2002","04",17.9170017242432,10.8760004043579,24.9599990844727,64.2919998168945
"2002","05",19.8160018920898,13.043999671936,26.5900001525879,39.9640007019043
"2002","06",25.5300006866455,18.5009994506836,32.5610008239746,72.8259963989258
"2002","07",26.8460006713867,21.0949993133545,32.5989990234375,152.524002075195
"2002","08",25.9970016479492,19.9969997406006,31.9990005493164,163.455993652344
"2002","09",22.6570014953613,17.6860008239746,27.6299991607666,87.8440017700195
"2002","10",16.6560001373291,12.2629995346069,21.0510005950928,210.45100402832
"2002","11",9.2140007019043,2.99699997901917,15.4329996109009,94.1660003662109
"2002","12",4.77200031280518,-0.878000020980835,10.423999786377,106.078002929688
"2003","01",2.74000024795532,-2.84500002861023,8.32600021362305,59.701000213623
"2003","02",5.26600027084351,-0.310999989509583,10.8420000076294,145.110992431641
"2003","03",11.7570009231567,5.03999996185303,18.4769992828369,149.746994018555
"2003","04",14.6040010452271,8.53600025177002,20.6730003356934,145.149002075195
"2003","05",19.306001663208,13.9910001754761,24.6219997406006,105.84700012207
"2003","06",23.3960018157959,18.1520004272461,28.6410007476807,134.677993774414
"2003","07",25.9490013122559,21.1509990692139,30.7490005493164,162.731002807617
"2003","08",25.7860012054443,21.0520000457764,30.5200004577637,205.022994995117
"2003","09",21.4410018920898,16.2639999389648,26.6200008392334,153.792999267578
"2003","10",15.1860008239746,9.36900043487549,21.0030002593994,82.6129989624023
"2003","11",13.4460010528564,6.51399993896484,20.378999710083,44.2430000305176
"2003","12",5.13200044631958,-1.19700002670288,11.4610004425049,88.995002746582
"2004","01",3.37500023841858,-2.47699999809265,9.22799968719482,33.8499984741211
"2004","02",5.10100030899048,-0.312000006437302,10.5150003433228,76.7610015869141
"2004","03",11.5570001602173,4.78800010681152,18.3269996643066,55.3759994506836
"2004","04",15.863000869751,9.14099979400635,22.5879993438721,60.6910018920898
"2004","05",22.9550018310547,16.8589992523193,29.0520000457764,89.7210006713867
"2004","06",24.5020008087158,19.4570007324219,29.5470008850098,108.549003601074
"2004","07",26.2700004577637,20.7479991912842,31.7929992675781,109.890998840332
"2004","08",24.1180019378662,19.2959995269775,28.9419994354248,259.864013671875
"2004","09",22.0250015258789,17.3619995117188,26.6900005340576,83.8939971923828
"2004","10",16.7370014190674,11.503999710083,21.9729995727539,64.515998840332
"2004","11",12.2230005264282,5.80000019073486,18.6459999084473,98.5250015258789
"2004","12",5.77600049972534,-0.876999974250793,12.4280004501343,39.4140014648438
"2005","01",6.44300031661987,0.992999970912933,11.8940000534058,74.0029983520508
"2005","02",6.94600009918213,1.06299996376038,12.831000328064,62.576000213623
"2005","03",8.70300006866455,2.10899996757507,15.2980003356934,122.763000488281
"2005","04",15.0450010299683,8.1269998550415,21.9640007019043,64.6949996948242
"2005","05",18.3299999237061,12.0450000762939,24.6159992218018,83.375
"2005","06",24.1650009155273,18.92799949646,29.4039993286133,87.0390014648438
"2005","07",27.6580009460449,22.1940002441406,33.1230010986328,112.642997741699
"2005","08",26.5270004272461,21.1720008850098,31.8819999694824,54.1080017089844
"2005","09",24.4180011749268,18.2649993896484,30.57200050354,22.9710006713867
"2005","10",16.7490005493164,11.0600004196167,22.4379997253418,77.2070007324219
"2005","11",11.1890001296997,3.69199991226196,18.6879997253418,113.436996459961
"2005","12",4.80400037765503,-1.22800004482269,10.8360004425049,131.865005493164
"2006","01",8.5290002822876,2.66899991035461,14.3909997940063,52.6479988098145
"2006","02",5.83000040054321,-0.767000019550323,12.4280004501343,40.818000793457
"2006","03",10.456000328064,3.70000004768372,17.2129993438721,29.0809993743896
"2006","04",17.0939998626709,9.49100017547607,24.6989994049072,87.1309967041016
"2006","05",18.5420017242432,11.8489999771118,25.2360000610352,88.515998840332
"2006","06",23.7140007019043,18.193000793457,29.2350006103516,254.233001708984
"2006","07",26.5750007629395,21.1480007171631,32.0029983520508,83.6169967651367
"2006","08",26.9080009460449,21.253999710083,32.5639991760254,69.4469985961914
"2006","09",21.0620002746582,15.6730003356934,26.4519996643066,102.803001403809
"2006","10",14.8100004196167,8.5959997177124,21.0259990692139,88.7070007324219
"2006","11",11.1840009689331,4.60200023651123,17.7670001983643,196.503005981445
"2006","12",8.60500049591064,1.39100003242493,15.8199996948242,88.2160034179688
"2007","01",7.40900039672852,1.55599999427795,13.2639999389648,75.2799987792969
"2007","02",4.08200025558472,-2.09500002861023,10.2609996795654,42.4710006713867
"2007","03",12.3320007324219,4.81099987030029,19.8549995422363,74.0390014648438
"2007","04",15.0180006027222,8.00699996948242,22.0300006866455,60.6220016479492
"2007","05",19.8110008239746,13.1309995651245,26.4930000305176,56.7350006103516
"2007","06",24.6020011901855,18.367000579834,30.8379993438721,75.5130004882812
"2007","07",25.7200012207031,19.5830001831055,31.8579998016357,96.9629974365234
"2007","08",28.1610012054443,21.423999786377,34.9000015258789,34.6580009460449
"2007","09",23.6840019226074,17.0389995574951,30.3299999237061,44.6510009765625
"2007","10",19.3810005187988,13.1020002365112,25.6609992980957,161.044006347656
"2007","11",10.278000831604,3.51900005340576,17.0389995574951,18.5100002288818
"2007","12",8.90799999237061,2.83100008964539,14.9860000610352,104.361999511719
"2008","01",4.87900018692017,-1.09599995613098,10.8540000915527,26.4379997253418
"2008","02",8.46700000762939,1.46700000762939,15.4689998626709,69.3040008544922
"2008","03",11.2270002365112,4.02500009536743,18.4309997558594,93.3160018920898
"2008","04",15.8030004501343,9.54599952697754,22.0610008239746,179.585998535156
"2008","05",18.8020000457764,12.4049997329712,25.201000213623,76.0619964599609
"2008","06",26.5400009155273,20.0069999694824,33.0740013122559,76.2099990844727
"2008","07",25.8330020904541,20.1539993286133,31.5130004882812,102.825996398926
"2008","08",25.496000289917,19.8390007019043,31.1539993286133,92.7099990844727
"2008","09",22.3290004730225,17.3209991455078,27.3390007019043,195.27099609375
"2008","10",15.3920011520386,9.05900001525879,21.7259998321533,33.8079986572266
"2008","11",9.25800037384033,2.67899990081787,15.83899974823,82.3629989624023
"2008","12",8.40100002288818,2.28399991989136,14.5190000534058,94.0169982910156
"2009","01",3.9610002040863,-1.45500004291534,9.37899971008301,68.0609970092773
"2009","02",6.47200012207031,-0.412999987602234,13.3579998016357,27.8530006408691
"2009","03",9.88700008392334,4.16599988937378,15.6090002059937,198.345993041992
"2009","04",16.0790004730225,9.16199970245361,22.9979991912842,36.9459991455078
"2009","05",20.9210014343262,15.3020000457764,26.5410003662109,120.138000488281
"2009","06",25.2570018768311,19.7870006561279,30.7280006408691,145.462997436523
"2009","07",25.6270008087158,20.0389995574951,31.2169990539551,65.0839996337891
"2009","08",26.5260009765625,21.2560005187988,31.7970008850098,91.0690002441406
"2009","09",21.6460018157959,16.3279991149902,26.9650001525879,104.72200012207
"2009","10",15.6680011749268,10.2600002288818,21.0779991149902,31.6439990997314
"2009","11",11.8910007476807,6.12900018692017,17.6539993286133,152.953994750977
"2009","12",5.01500034332275,-0.52700001001358,10.5579996109009,159.162994384766
"2010","01",3.33700013160706,-2.50500011444092,9.18000030517578,117.815002441406
"2010","02",2.91100025177002,-2.45199990272522,8.27499961853027,82.963996887207
"2010","03",10.6950006484985,3.8970000743866,17.4939994812012,83.3399963378906
"2010","04",17.3010005950928,9.61499977111816,24.988000869751,41.0709991455078
"2010","05",22.1100006103516,16.4750003814697,27.746000289917,163.384994506836
"2010","06",27.2500019073486,21.4619998931885,33.0390014648438,72.9779968261719
"2010","07",27.6210021972656,21.6749992370605,33.568000793457,76.3539962768555
"2010","08",26.7720012664795,21.4619998931885,32.0849990844727,144.026992797852
"2010","09",24.2600002288818,17.3349990844727,31.1870002746582,171.832000732422
"2010","10",16.8270015716553,9.92800045013428,23.7259998321533,41.2410011291504
"2010","11",10.1510000228882,3.05699992179871,17.2469997406006,25.4120006561279
"2010","12",1.32000005245209,-3.64000010490417,6.28000020980835,59.5379981994629
"2011","01",2.98200011253357,-2.65100002288818,8.61699962615967,37.023998260498
"2011","02",7.45600032806396,0.0860000029206276,14.8269996643066,32.7350006103516
"2011","03",10.488000869751,3.51900005340576,17.4570007324219,99.5979995727539
"2011","04",16.8439998626709,10.0570001602173,23.6310005187988,91.8190002441406
"2011","05",20.6020011901855,14.4250001907349,26.7789993286133,79.8320007324219
"2011","06",26.0650005340576,19.5,32.6310005187988,50.4580001831055
"2011","07",28.1180019378662,21.6270008087158,34.6100006103516,64.1910018920898
"2011","08",26.2250003814697,20.4640007019043,31.9869995117188,223.608993530273
"2011","09",22.8290004730225,17.8500003814697,27.8090000152588,134.470993041992
"2011","10",14.9210004806519,8.40900039672852,21.4349994659424,67.0210037231445
"2011","11",11.7240009307861,4.59200000762939,18.8579998016357,95.7180023193359
"2011","12",8.22900009155273,1.77999997138977,14.6809997558594,42.7610015869141
"2012","01",6.74900054931641,0.345999985933304,13.1540002822876,63.5610008239746
"2012","02",7.63800048828125,1.182000041008,14.0950002670288,58.7610015869141
"2012","03",15.0670003890991,8.0620002746582,22.0739994049072,130.647003173828
"2012","04",15.149001121521,8.51099967956543,21.7889995574951,48.3139991760254
"2012","05",21.6310005187988,15.7340002059937,27.5279998779297,114.138298034668
"2012","06",23.1370010375977,16.6790008544922,29.5960006713867,65.2679977416992
"2012","07",28.3530006408691,22.4570007324219,34.25,222.759002685547
"2012","08",25.052001953125,20.2399997711182,29.8659992218018,70.0910034179688
"2012","09",21.6410007476807,16.0049991607666,27.2779998779297,222.274993896484
"2012","10",15.6990003585815,9.87899971008301,21.5219993591309,67.4899978637695
"2012","11",7.75400018692017,1,14.5080003738403,15.9770002365112
"2012","12",8.96700000762939,3.06900000572205,14.8669996261597,80.6701965332031
"2013","01",6.32200050354004,0.952000021934509,11.6929998397827,79.7839965820312
"2013","02",5.14900016784668,-0.970000028610229,11.2690000534058,102.525001525879
"2013","03",6.8730001449585,0.263000011444092,13.4849996566772,40.5050010681152
"2013","04",15.6350011825562,9.12100028991699,22.1509990692139,108.615997314453
"2013","05",18.8500003814697,13.2390003204346,24.4610004425049,133.231002807617
"2013","06",24.1450004577637,18.992000579834,29.2980003356934,231.582000732422
"2013","07",25.8470020294189,21.2810001373291,30.4139995574951,123.764999389648
"2013","08",24.2450008392334,19.3899993896484,29.1009998321533,81.4680023193359
"2013","09",21.3350009918213,15.4720001220703,27.1989994049072,136.283004760742
"2013","10",16.3320007324219,11.0860004425049,21.5790004730225,22.173999786377
"2013","11",9.03299999237061,2.1949999332428,15.8730001449585,86.802001953125
"2013","12",7.11400032043457,0.90200001001358,13.326000213623,156.957992553711
"2014","01",2.33500003814697,-4.2350001335144,8.9060001373291,61.5320014953613
"2014","02",6.08500051498413,0.0489999987185001,12.1239995956421,86.4889984130859
"2014","03",6.95900011062622,0.20100000500679,13.7170000076294,137.763000488281
"2014","04",15.4700002670288,8.25399971008301,22.6870002746582,96.9929962158203
"2014","05",20.7210006713867,14.3500003814697,27.0930004119873,150.350006103516
"2014","06",24.7820014953613,18.9330005645752,30.6310005187988,99.4280014038086
"2014","07",25.4700012207031,20.3729991912842,30.5690002441406,149.371994018555
"2014","08",23.9320011138916,19.4570007324219,28.4080009460449,181.36799621582
"2014","09",21.9320011138916,17.5429992675781,26.3229999542236,152.582992553711
"2014","10",16.6660003662109,10.0900001525879,23.2430000305176,94.8489990234375
"2014","11",7.44100046157837,1.08000004291534,13.8030004501343,112.793998718262
"2014","12",6.99200010299683,1.75,12.2349996566772,127.999000549316
"2015","01",3.75400018692017,-2.14199995994568,9.64900016784668,104.962997436523
"2015","02",1.26200008392334,-5.09200000762939,7.61700010299683,78.8970031738281
"2015","03",9.83800029754639,3.30100011825562,16.3759994506836,95.6600036621094
"2015","04",15.9060010910034,9.56999969482422,22.2430000305176,101.43399810791
"2015","05",20.9750003814697,15.0270004272461,26.9230003356934,68.4199981689453
"2015","06",25.9820003509521,20.3729991912842,31.5919990539551,111.657997131348
"2015","07",26.359001159668,21.2609996795654,31.4580001831055,111.161003112793
"2015","08",25.2520008087158,19.6550006866455,30.8490009307861,74.8489990234375
"2015","09",22.5820007324219,17.7140007019043,27.451000213623,138.440994262695
"2015","10",15.3020009994507,9.57900047302246,21.0249996185303,125.458999633789
"2015","11",12.2970008850098,6.47300004959106,18.1219997406006,206.169006347656
"2015","12",12.5440006256104,7.35400009155273,17.7350006103516,126.075996398926
"2016","01",3.64300012588501,-1.69200003147125,8.97999954223633,68.9649963378906
"2016","02",6.20700025558472,0.458999991416931,11.9569997787476,142.242004394531
"2016","03",13.8110008239746,7.41499996185303,20.2099990844727,50.8499984741211
"2016","04",15.1460008621216,8.15100002288818,22.1410007476807,104.44100189209
"2016","05",19.189001083374,14.1840000152588,24.1940002441406,126.86499786377
"2016","06",24.2390003204346,18.5200004577637,29.9589996337891,137.169998168945
"2016","07",27.2610015869141,22.1690006256104,32.3540000915527,150.839004516602
"2016","08",26.9870014190674,21.7929992675781,32.1829986572266,49.3810005187988
"2016","09",24.0740013122559,19.3150005340576,28.8330001831055,123.228996276855
"2016","10",17.7000007629395,11.960000038147,23.4409999847412,223.710998535156
"2016","11",10.9980001449585,3.70199990272522,18.2950000762939,7.29400014877319
"2016","12",6.56400012969971,0.885999977588654,12.2449998855591,51.1870002746582
"2017","01",7.14000034332275,2.02900004386902,12.2519998550415,94.3330001831055
"2017","02",10.6140003204346,3.22699999809265,18.003999710083,23.6959991455078
"2017","03",10.2680006027222,3.44400000572205,17.0930004119873,67.4670028686523
"2017","04",18.5340003967285,12.5690002441406,24.4990005493164,250.397994995117
"2017","05",20.2310009002686,14.8299999237061,25.6340007781982,96.4619979858398
"2017","06",23.8830013275146,18.6770000457764,29.0909996032715,145.617004394531
"2017","07",27.0820007324219,21.9130001068115,32.2519989013672,46.1199989318848
"2017","08",25.1440010070801,20.367000579834,29.9220008850098,37.9379997253418
"2017","09",22.3960018157959,17.0990009307861,27.693000793457,62.1889991760254
"2017","10",17.9360008239746,11.9860000610352,23.8859996795654,109.388999938965
"2017","11",9.80200004577637,2.99699997901917,16.6089992523193,30.6280002593994
"2017","12",5.63800048828125,-0.287000000476837,11.5640001296997,60.5859985351562
"2018","01",2.2350001335144,-4.07000017166138,8.54199981689453,81.9130020141602
"2018","02",10.8320007324219,4.96700000762939,16.69700050354,41.3079986572266
"2018","03",7.56400012969971,1.75100004673004,13.3780002593994,103.982002258301
"2018","04",13.8770008087158,6.91499996185303,20.8419990539551,89.5690002441406
"2018","05",22.935001373291,17.7299995422363,28.1420001983643,81.6869964599609
"2018","06",25.5590019226074,20.2870006561279,30.8320007324219,39.6230010986328
"2018","07",26.1760005950928,20.875,31.4780006408691,169.835006713867
"2018","08",25.7580013275146,20.863000869751,30.6539993286133,243.639999389648
"2018","09",25.2290019989014,20.9529991149902,29.5069999694824,195.477005004883
"2018","10",16.9850006103516,11.8070001602173,22.1639995574951,107.195999145508
"2018","11",8.97900009155273,3.48399996757507,14.4750003814697,160.014007568359
"2018","12",7.53700017929077,2.04099988937378,13.0349998474121,145.968994140625
"2019","01",5.97200012207031,0.345000028610229,11.5989999771118,77.125
"2019","02",8.22800064086914,2.43700003623962,14.0200004577637,89.7050018310547
"2019","03",9.35000038146973,3.21700024604797,15.4849996566772,69.8000030517578
"2019","04",16.691499710083,10.8430004119873,22.5400009155273,157.098999023438
"2019","05",23.0123996734619,17.1019992828369,28.9230003356934,33.9819984436035
"2019","06",24.4179000854492,19.1539993286133,29.681999206543,113.309997558594
"2019","07",27.1943988800049,21.3659992218018,33.0229988098145,96.6060028076172
"2019","08",25.7915000915527,20.3460006713867,31.2369995117188,139.964996337891
"2019","09",24.7689990997314,19.0949993133545,30.443000793457,38.8199996948242
"2019","10",18.484899520874,12.6979999542236,24.2719993591309,64.7080001831055
"2019","11",8.57489967346191,2.47099995613098,14.6789999008179,80.2109985351562
"2019","12",8.02999973297119,2.11800003051758,13.9420003890991,86.0230026245117
"2020","01",8.33100032806396,2.99300003051758,13.6700000762939,90.0690002441406
"2020","02",8.95739936828613,3.34699988365173,14.5679998397827,140.95100402832
"2020","03",13.6204996109009,8.17500019073486,19.0659999847412,52.4459991455078
"2020","04",14.9874000549316,8.48799991607666,21.4869995117188,78.9069976806641
"2020","05",18.320499420166,13.0590000152588,23.5820007324219,169.95100402832
"2020","06",24.0324993133545,19.2910003662109,28.7740001678467,83.5270004272461
"2020","07",27.564998626709,22.1609992980957,32.9690017700195,97.2419967651367
"2020","08",26.7255001068115,22.2889995574951,31.1620006561279,141.442993164062
"2020","09",21.8465003967285,17.4400005340576,26.2530002593994,278.671997070312
"2020","10",18.3640003204346,13.0629997253418,23.6650009155273,60.7290000915527
"2020","11",13.2403993606567,7.06099987030029,19.4200000762939,154.117004394531
"2020","12",6.52049970626831,0.745999991893768,12.2950000762939,123.889999389648
"2021","01",4.64279985427856,-0.537800014019012,9.82359981536865,118.077499389648
"2021","02",5.54629993438721,0.294099986553192,10.7986993789673,180.061599731445
"2021","03",12.2164993286133,5.66879987716675,18.7642993927002,64.1865005493164
"2021","04",16.0184993743896,9.03619956970215,23.0009994506836,27.6097984313965
"2021","05",19.6054000854492,13.161600112915,26.0493984222412,59.4974975585938
"2021","06",24.3403987884521,19.2904987335205,29.3903999328613,134.757400512695
"2021","07",26.1170997619629,21.1325988769531,31.1017990112305,142.782592773438
"2021","08",26.7565994262695,21.8218002319336,31.691499710083,76.5758972167969
"2021","09",22.9249992370605,17.4242000579834,28.4259986877441,82.9869003295898
"2021","10",18.5009002685547,12.8996992111206,24.1022987365723,113.208099365234
"2021","11",9.50329971313477,2.62019991874695,16.3864994049072,16.5380001068115
"2021","12",10.9530992507935,4.76279973983765,17.1434993743896,53.380199432373
"2022","01",4.01160001754761,-1.51870000362396,9.54209995269775,152.385589599609
"2022","02",8.1072998046875,1.42719995975494,14.7874994277954,33.1835975646973
"2022","03",12.4794998168945,5.6286997795105,19.3304996490479,121.270599365234
"2022","04",16.3038997650146,9.55459976196289,23.0532989501953,72.4272003173828
"2022","05",21.5324993133545,16.0578002929688,27.0072994232178,123.699295043945
"2022","06",25.35719871521,19.6133003234863,31.1012001037598,64.611198425293
"2022","07",27.5291996002197,22.4538993835449,32.6046981811523,152.064498901367
"2022","08",26.0226993560791,21.0424995422363,31.0029983520508,130.278793334961
"2022","09",22.7617988586426,16.9860000610352,28.5376987457275,72.734001159668
"2022","10",14.9319000244141,8.95020008087158,20.9137001037598,95.3938980102539
"2022","11",12.2757997512817,6.103600025177,18.4480991363525,135.302795410156
"2022","12",5.66960000991821,0.214499995112419,11.1247997283936,101.632400512695
"2023","01",8.91469955444336,3.3798999786377,14.4496994018555,93.7048950195312
"2023","02",10.7566995620728,4.9576997756958,16.555700302124,72.8692016601562
"2023","03",11.667200088501,5.28499984741211,18.0495986938477,75.1906967163086
"2023","04",16.8020992279053,10.3899002075195,23.2143001556396,192.093292236328
"2023","05",18.709400177002,13.4400997161865,23.9788990020752,79.6372985839844
"2023","06",23.0193996429443,17.597599029541,28.4412994384766,95.8789978027344
