"","date","name","status","category","wind","pressure","tropicalstorm_force_diameter","hurricane_force_diameter"
"1",1991-11-02,"AL121991","hurricane",1,65,981,NA,NA
"2",2000-08-23,"Alberto","hurricane",1,65,987,NA,NA
"3",2016-01-15,"Alex","hurricane",1,65,986,370,20
"4",1983-08-18,"Alicia","hurricane",1,80,965,NA,NA
"5",1980-08-10,"Allen","hurricane",1,70,970,NA,NA
"6",1995-06-05,"Allison","hurricane",1,65,988,NA,NA
"7",1992-08-26,"Andrew","hurricane",1,80,973,NA,NA
"8",1977-09-02,"Anita","hurricane",1,70,978,NA,NA
"9",1987-08-23,"Arlene","hurricane",1,65,988,NA,NA
"10",2014-07-05,"Arthur","hurricane",1,65,976,220,90
"11",1977-09-05,"Babe","hurricane",1,65,995,NA,NA
"12",2019-07-13,"Barry","hurricane",1,65,993,220,40
"13",1976-08-10,"Belle","hurricane",1,80,977,NA,NA
"14",2014-08-05,"Bertha","hurricane",1,65,1001,140,20
"15",2018-07-07,"Beryl","hurricane",1,65,995,50,10
"16",2005-10-30,"Beta","hurricane",2,90,970,100,30
"17",2009-08-24,"Bill","hurricane",1,65,973,465,80
"18",1975-07-28,"Blanche","hurricane",1,70,980,NA,NA
"19",1991-08-19,"Bob","hurricane",2,85,964,NA,NA
"20",2022-07-08,"Bonnie","hurricane",1,65,989,110,25
"21",1999-08-23,"Bret","hurricane",1,80,963,NA,NA
"22",1976-08-23,"Candice","hurricane",1,80,971,NA,NA
"23",1975-08-31,"Caroline","hurricane",2,90,963,NA,NA
"24",1996-07-28,"Cesar","hurricane",1,70,990,NA,NA
"25",1989-08-01,"Chantal","hurricane",1,70,986,NA,NA
"26",2004-08-14,"Charley","hurricane",1,65,997,NA,NA
"27",2018-07-12,"Chris","hurricane",1,65,985,280,65
"28",2005-07-06,"Cindy","hurricane",1,65,991,NA,NA
"29",1977-09-09,"Clara","hurricane",1,65,998,NA,NA
"30",2003-07-15,"Claudette","hurricane",1,70,984,NA,NA
"31",1978-08-09,"Cora","hurricane",1,65,998,NA,NA
"32",2014-08-29,"Cristobal","hurricane",1,70,967,410,70
"33",2022-09-08,"Danielle","hurricane",1,65,973,350,110
"34",2015-08-22,"Danny","hurricane",1,65,990,80,10
"35",1979-09-05,"David","hurricane",1,65,972,NA,NA
"36",2007-08-22,"Dean","hurricane",1,75,974,290,30
"37",2000-08-23,"Debby","hurricane",1,65,995,NA,NA
"38",2020-10-10,"Delta","hurricane",1,75,971,240,40
"39",2005-07-10,"Dennis","hurricane",3,105,946,NA,NA
"40",1990-08-07,"Diana","hurricane",2,85,980,NA,NA
"41",2008-07-24,"Dolly","hurricane",1,65,976,145,30
"42",2019-09-07,"Dorian","hurricane",2,85,954,440,130
"43",1975-09-03,"Doris","hurricane",2,90,970,NA,NA
"44",1977-09-29,"Dorothy","hurricane",1,65,988,NA,NA
"45",2022-09-10,"Earl","hurricane",1,80,964,680,120
"46",2014-09-18,"Edouard","hurricane",1,65,973,290,90
"47",1985-09-02,"Elena","hurricane",3,100,959,NA,NA
"48",1978-09-05,"Ella","hurricane",1,65,980,NA,NA
"49",1975-09-23,"Eloise","hurricane",3,110,955,NA,NA
"50",2021-07-07,"Elsa","hurricane",1,65,996,140,20
"51",2005-07-20,"Emily","hurricane",3,110,944,215,85
"52",1976-09-04,"Emmy","hurricane",1,65,994,NA,NA
"53",2020-10-25,"Epsilon","hurricane",1,65,964,560,60
"54",2003-08-16,"Erika","hurricane",1,65,988,NA,NA
"55",2001-09-14,"Erin","hurricane",1,65,984,NA,NA
"56",2012-08-08,"Ernesto","hurricane",1,80,973,210,30
"57",2020-11-11,"Eta","hurricane",1,65,983,140,50
"58",1977-10-15,"Evelyn","hurricane",1,70,999,NA,NA
"59",2003-09-08,"Fabian","hurricane",1,65,980,NA,NA
"60",2014-10-12,"Fay","hurricane",1,70,983,270,20
"61",1975-09-29,"Faye","hurricane",1,65,977,NA,NA
"62",2007-09-04,"Felix","hurricane",2,85,962,115,40
"63",2022-09-23,"Fiona","hurricane",3,110,940,500,180
"64",2018-09-14,"Florence","hurricane",1,65,969,270,30
"65",1978-09-15,"Flossie","hurricane",1,65,992,NA,NA
"66",1999-09-16,"Floyd","hurricane",1,70,967,NA,NA
"67",1996-09-06,"Fran","hurricane",1,65,970,NA,NA
"68",2004-09-05,"Frances","hurricane",1,80,969,300,90
"69",2017-08-10,"Franklin","hurricane",1,70,990,220,30
"70",2015-09-01,"Fred","hurricane",1,65,991,130,20
"71",1979-09-13,"Frederic","hurricane",1,65,975,NA,NA
"72",2001-09-17,"Gabrielle","hurricane",1,70,983,NA,NA
"73",2020-10-03,"Gamma","hurricane",1,65,978,120,15
"74",2016-09-02,"Gaston","hurricane",1,65,988,230,70
"75",1998-09-28,"Georges","hurricane",1,65,984,NA,NA
"76",2017-08-17,"Gert","hurricane",1,80,968,280,40
"77",1988-09-17,"Gilbert","hurricane",1,80,964,NA,NA
"78",1975-10-03,"Gladys","hurricane",2,85,960,NA,NA
"79",1985-09-27,"Gloria","hurricane",1,75,964,NA,NA
"80",2014-10-19,"Gonzalo","hurricane",1,70,970,360,120
"81",2012-08-20,"Gordon","hurricane",1,65,984,170,50
"82",2021-08-21,"Grace","hurricane",3,100,969,210,50
"83",1978-09-19,"Greta","hurricane",2,95,964,NA,NA
"84",2008-09-01,"Gustav","hurricane",2,85,958,290,55
"85",2020-07-26,"Hanna","hurricane",1,75,976,160,25
"86",2017-08-26,"Harvey","hurricane",1,65,978,190,40
"87",2018-09-13,"Helene","hurricane",1,65,985,220,70
"88",2021-08-22,"Henri","hurricane",1,65,986,160,30
"89",2016-09-02,"Hermine","hurricane",1,65,982,190,30
"90",1976-10-25,"Holly","hurricane",1,65,995,NA,NA
"91",1996-09-15,"Hortense","hurricane",1,65,980,NA,NA
"92",1989-09-22,"Hugo","hurricane",2,85,952,NA,NA
"93",2019-09-19,"Humberto","hurricane",1,80,961,530,130
"94",2022-09-30,"Ian","hurricane",1,70,978,290,40
"95",2021-08-30,"Ida","hurricane",1,65,978,170,30
"96",2010-09-21,"Igor","hurricane",1,75,950,750,135
"97",2008-09-13,"Ike","hurricane",2,85,959,250,80
"98",2013-09-16,"Ingrid","hurricane",1,70,989,130,15
"99",2020-11-17,"Iota","hurricane",1,75,965,270,30
"100",2011-08-28,"Irene","hurricane",1,65,958,390,75
"101",2001-10-09,"Iris","hurricane",4,125,948,NA,NA
"102",2017-09-11,"Irma","hurricane",1,65,961,510,80
"103",2018-09-10,"Isaac","hurricane",1,65,995,60,10
"104",2003-09-19,"Isabel","hurricane",1,65,969,NA,NA
"105",2020-08-04,"Isaias","hurricane",1,80,986,170,40
"106",2002-09-23,"Isidore","hurricane",1,70,952,NA,NA
"107",2004-09-16,"Ivan","hurricane",1,70,965,325,80
"108",2004-09-26,"Jeanne","hurricane",1,75,965,275,30
"109",2019-09-20,"Jerry","hurricane",1,65,991,120,15
"110",1988-10-22,"Joan","hurricane",1,70,983,NA,NA
"111",2015-10-07,"Joaquin","hurricane",1,65,977,390,70
"112",2017-09-19,"Jose","hurricane",1,65,971,360,40
"113",1990-10-06,"Josephine","hurricane",1,70,985,NA,NA
"114",2000-09-29,"Joyce","hurricane",1,65,984,NA,NA
"115",2003-09-29,"Juan","hurricane",1,65,982,NA,NA
"116",2022-10-09,"Julia","hurricane",1,65,985,140,30
"117",2007-09-26,"Karen","hurricane",1,65,990,180,50
"118",2010-09-17,"Karl","hurricane",2,90,979,150,35
"119",2015-11-11,"Kate","hurricane",1,65,980,330,40
"120",2017-09-09,"Katia","hurricane",1,65,990,100,25
"121",2005-08-29,"Katrina","hurricane",1,80,948,280,80
"122",2000-10-05,"Keith","hurricane",1,80,980,NA,NA
"123",1978-10-30,"Kendra","hurricane",1,65,998,NA,NA
"124",2012-09-01,"Kirk","hurricane",1,65,990,100,15
"125",1990-10-06,"Klaus","hurricane",1,65,992,NA,NA
"126",2008-09-29,"Kyle","hurricane",1,65,985,320,110
"127",2021-09-11,"Larry","hurricane",1,65,959,420,90
"128",2020-08-27,"Laura","hurricane",2,85,970,180,50
"129",2017-09-29,"Lee","hurricane",1,65,985,210,30
"130",1999-11-19,"Lenny","hurricane",1,70,986,NA,NA
"131",2018-10-13,"Leslie","hurricane",1,65,979,330,50
"132",2002-10-03,"Lili","hurricane",1,80,963,NA,NA
"133",2022-11-03,"Lisa","hurricane",1,65,990,90,15
"134",2019-10-02,"Lorenzo","hurricane",1,80,959,610,230
"135",1995-09-10,"Luis","hurricane",2,85,961,NA,NA
"136",2020-08-23,"Marco","hurricane",1,65,992,130,15
"137",2017-09-28,"Maria","hurricane",1,65,979,360,90
"138",1995-09-21,"Marilyn","hurricane",1,65,987,NA,NA
"139",2022-11-03,"Martin","hurricane",1,75,965,450,80
"140",2016-10-09,"Matthew","hurricane",1,70,983,350,50
"141",2018-10-11,"Michael","hurricane",1,80,957,180,25
"142",2001-11-05,"Michelle","hurricane",1,75,980,NA,NA
"143",1998-10-29,"Mitch","hurricane",1,70,987,NA,NA
"144",2012-10-01,"Nadine","hurricane",1,65,988,190,30
"145",2020-09-03,"Nana","hurricane",1,65,994,100,10
"146",2017-10-08,"Nate","hurricane",1,65,984,170,30
"147",2021-09-14,"Nicholas","hurricane",1,65,991,190,25
"148",2022-11-10,"Nicole","hurricane",1,65,980,570,20
"149",2007-11-02,"Noel","hurricane",1,70,980,420,90
"150",2001-11-29,"Olga","hurricane",1,65,987,NA,NA
"151",2008-10-17,"Omar","hurricane",1,65,985,165,20
"152",1995-10-05,"Opal","hurricane",1,80,950,NA,NA
"153",2017-10-15,"Ophelia","hurricane",1,80,959,400,80
"154",2018-10-31,"Oscar","hurricane",1,70,974,360,70
"155",2016-11-25,"Otto","hurricane",1,65,992,90,10
"156",2019-10-27,"Pablo","hurricane",1,70,977,90,10
"157",2008-11-09,"Paloma","hurricane",2,85,970,130,30
"158",2010-10-14,"Paula","hurricane",1,70,995,90,20
"159",2020-09-16,"Paulette","hurricane",1,80,968,440,130
"160",2011-10-08,"Philippe","hurricane",1,65,986,165,30
"161",2012-10-17,"Rafael","hurricane",1,65,972,420,90
"162",2010-10-25,"Richard","hurricane",1,65,988,110,15
"163",2011-10-27,"Rina","hurricane",1,65,987,135,30
"164",2005-09-24,"Rita","hurricane",1,65,949,210,60
"165",1995-10-17,"Roxanne","hurricane",1,65,991,NA,NA
"166",2020-09-16,"Sally","hurricane",2,85,967,190,50
"167",2021-10-05,"Sam","hurricane",1,75,965,570,70
"168",2012-10-29,"Sandy","hurricane",1,80,940,840,300
"169",2010-10-30,"Shary","hurricane",1,65,991,150,10
"170",2005-10-04,"Stan","hurricane",1,70,977,165,30
"171",1995-11-01,"Tanya","hurricane",1,65,974,NA,NA
"172",2020-09-23,"Teddy","hurricane",1,65,954,740,190
"173",2010-11-07,"Tomas","hurricane",1,65,990,175,20
"174",2005-10-09,"Vince","hurricane",1,65,988,140,30
"175",2005-10-25,"Wilma","hurricane",1,75,976,575,120
"176",2020-10-29,"Zeta","hurricane",2,85,973,160,40
