"","Site","Stream","lat","long","year","impervious_surface"
"1","BDB1","Beaverdam Branch",35.824303,-78.650559,"2008",11.2835820895522
"2","BDB1","Beaverdam Branch",35.824303,-78.650559,"2011",11.7634902411022
"3","BDB1","Beaverdam Branch",35.824303,-78.650559,"2013",12.9758897818599
"4","BDB1","Beaverdam Branch",35.824303,-78.650559,"2016",13.6360505166475
"5","BDB1","Beaverdam Branch",35.824303,-78.650559,"2019",13.8932261768083
"6","BDB1","Beaverdam Branch",35.824303,-78.650559,"2021",14.2602739726027
"7","BB2","Big Branch",35.822637,-78.629735,"2008",24.3080459770115
"8","BB2","Big Branch",35.822637,-78.629735,"2011",24.5413793103448
"9","BB2","Big Branch",35.822637,-78.629735,"2013",25.3954022988506
"10","BB2","Big Branch",35.822637,-78.629735,"2016",27.048275862069
"11","BB2","Big Branch",35.822637,-78.629735,"2019",28.2448275862069
"12","BB2","Big Branch",35.822637,-78.629735,"2021",28.9954180985109
"13","BBS3","Big Branch South",35.743394,-78.568786,"2008",4.23569794050343
"14","BBS3","Big Branch South",35.743394,-78.568786,"2011",4.31006864988558
"15","BBS3","Big Branch South",35.743394,-78.568786,"2013",5.33180778032037
"16","BBS3","Big Branch South",35.743394,-78.568786,"2016",5.59382151029748
"17","BBS3","Big Branch South",35.743394,-78.568786,"2019",5.68764302059497
"18","BBS3","Big Branch South",35.743394,-78.568786,"2021",6.94833524684271
"19","CC4","Crabtree Creek West",35.843795,-78.7266,"2008",1.87399770904926
"20","CC4","Crabtree Creek West",35.843795,-78.7266,"2011",2.29438717067583
"21","CC4","Crabtree Creek West",35.843795,-78.7266,"2013",5.17182130584192
"22","CC4","Crabtree Creek West",35.843795,-78.7266,"2016",5.48109965635739
"23","CC4","Crabtree Creek West",35.843795,-78.7266,"2019",5.58533791523482
"24","CC4","Crabtree Creek West",35.843795,-78.7266,"2021",6.02290950744559
"25","CC5","Crabtree Creek East",35.791234,-78.58823,"2008",20.1933638443936
"26","CC5","Crabtree Creek East",35.791234,-78.58823,"2011",20.4267734553776
"27","CC5","Crabtree Creek East",35.791234,-78.58823,"2013",20.8100686498856
"28","CC5","Crabtree Creek East",35.791234,-78.58823,"2016",21.862700228833
"29","CC5","Crabtree Creek East",35.791234,-78.58823,"2019",21.9096109839817
"30","CC5","Crabtree Creek East",35.791234,-78.58823,"2021",22.7298850574713
"31","HSC6","Hare Snipe Creek",35.845044,-78.688466,"2008",25.812356979405
"32","HSC6","Hare Snipe Creek",35.845044,-78.688466,"2011",26.2597254004577
"33","HSC6","Hare Snipe Creek",35.845044,-78.688466,"2013",26.41647597254
"34","HSC6","Hare Snipe Creek",35.845044,-78.688466,"2016",26.5652173913043
"35","HSC6","Hare Snipe Creek",35.845044,-78.688466,"2019",26.6716247139588
"36","HSC6","Hare Snipe Creek",35.845044,-78.688466,"2021",27.0149253731343
"37","HC7","House Creek",35.834072,-78.677525,"2008",26.9447640966628
"38","HC7","House Creek",35.834072,-78.677525,"2011",26.945914844649
"39","HC7","House Creek",35.834072,-78.677525,"2013",34.6225546605293
"40","HC7","House Creek",35.834072,-78.677525,"2016",35.1472957422325
"41","HC7","House Creek",35.834072,-78.677525,"2019",38.3164556962025
"42","HC7","House Creek",35.834072,-78.677525,"2021",38.2780320366133
"43","LBC8","Little Brier Creek",35.889018,-78.796077,"2008",20.6754285714286
"44","LBC8","Little Brier Creek",35.889018,-78.796077,"2011",20.6754285714286
"45","LBC8","Little Brier Creek",35.889018,-78.796077,"2013",20.6754285714286
"46","LBC8","Little Brier Creek",35.889018,-78.796077,"2016",20.7737142857143
"47","LBC8","Little Brier Creek",35.889018,-78.796077,"2019",20.8765714285714
"48","LBC8","Little Brier Creek",35.889018,-78.796077,"2021",19.2894736842105
"49","MC9","Marsh Creek",35.799051,-78.590593,"2008",37.5961098398169
"50","MC9","Marsh Creek",35.799051,-78.590593,"2011",37.5961098398169
"51","MC9","Marsh Creek",35.799051,-78.590593,"2013",37.5961098398169
"52","MC9","Marsh Creek",35.799051,-78.590593,"2016",38.08352402746
"53","MC9","Marsh Creek",35.799051,-78.590593,"2019",38.2997711670481
"54","MC9","Marsh Creek",35.799051,-78.590593,"2021",38.4600456621005
"55","MC10","Mine Creek",35.841903,-78.662271,"2008",10.2348224513173
"56","MC10","Mine Creek",35.841903,-78.662271,"2011",10.4158075601375
"57","MC10","Mine Creek",35.841903,-78.662271,"2013",10.6838487972509
"58","MC10","Mine Creek",35.841903,-78.662271,"2016",10.9358533791523
"59","MC10","Mine Creek",35.841903,-78.662271,"2019",11.1615120274914
"60","MC10","Mine Creek",35.841903,-78.662271,"2021",10.4364261168385
"61","PC11","Perry Creek",35.879771,-78.547979,"2008",11.9380733944954
"62","PC11","Perry Creek",35.879771,-78.547979,"2011",13.0091743119266
"63","PC11","Perry Creek",35.879771,-78.547979,"2013",15.2110091743119
"64","PC11","Perry Creek",35.879771,-78.547979,"2016",15.4231651376147
"65","PC11","Perry Creek",35.879771,-78.547979,"2019",15.6135321100917
"66","PC11","Perry Creek",35.879771,-78.547979,"2021",15.7880870561283
"67","PHB12","Pigeon House Branch",35.805995,-78.615268,"2008",50.5804597701149
"68","PHB12","Pigeon House Branch",35.805995,-78.615268,"2011",50.6275862068966
"69","PHB12","Pigeon House Branch",35.805995,-78.615268,"2013",50.7540229885057
"70","PHB12","Pigeon House Branch",35.805995,-78.615268,"2016",50.8034482758621
"71","PHB12","Pigeon House Branch",35.805995,-78.615268,"2019",50.8034482758621
"72","PHB12","Pigeon House Branch",35.805995,-78.615268,"2021",49.3642611683849
"73","RC13","Richland Creek",35.834244,-78.720481,"2008",5.31264367816092
"74","RC13","Richland Creek",35.834244,-78.720481,"2011",5.33563218390805
"75","RC13","Richland Creek",35.834244,-78.720481,"2013",6.06551724137931
"76","RC13","Richland Creek",35.834244,-78.720481,"2016",6.1632183908046
"77","RC13","Richland Creek",35.834244,-78.720481,"2019",6.1632183908046
"78","RC13","Richland Creek",35.834244,-78.720481,"2021",6.17106773823192
"79","RC14","Richland Creek-WF",35.945004,-78.552641,"2008",26.089552238806
"80","RC14","Richland Creek-WF",35.945004,-78.552641,"2011",26.4316877152698
"81","RC14","Richland Creek-WF",35.945004,-78.552641,"2013",29.4247990815155
"82","RC14","Richland Creek-WF",35.945004,-78.552641,"2016",30.4087256027555
"83","RC14","Richland Creek-WF",35.945004,-78.552641,"2019",30.7566016073479
"84","RC14","Richland Creek-WF",35.945004,-78.552641,"2021",30.8310502283105
"85","RB15","Rocky Branch",35.759904,-78.641103,"2008",39.9770642201835
"86","RB15","Rocky Branch",35.759904,-78.641103,"2011",40.5573394495413
"87","RB15","Rocky Branch",35.759904,-78.641103,"2013",41.0619266055046
"88","RB15","Rocky Branch",35.759904,-78.641103,"2016",41.3532110091743
"89","RB15","Rocky Branch",35.759904,-78.641103,"2019",41.3532110091743
"90","RB15","Rocky Branch",35.759904,-78.641103,"2021",41.7110091743119
"91","SC16","Sycamore Creek",35.847404,-78.726468,"2008",1.58256880733945
"92","SC16","Sycamore Creek",35.847404,-78.726468,"2011",1.9552752293578
"93","SC16","Sycamore Creek",35.847404,-78.726468,"2013",4.50573394495413
"94","SC16","Sycamore Creek",35.847404,-78.726468,"2016",4.71674311926605
"95","SC16","Sycamore Creek",35.847404,-78.726468,"2019",5.02981651376147
"96","SC16","Sycamore Creek",35.847404,-78.726468,"2021",5.7
"97","TC17","Turkey Creek",35.848474,-78.72296,"2008",2.45747126436782
"98","TC17","Turkey Creek",35.848474,-78.72296,"2011",3.16091954022989
"99","TC17","Turkey Creek",35.848474,-78.72296,"2013",8.07586206896552
"100","TC17","Turkey Creek",35.848474,-78.72296,"2016",9.07126436781609
"101","TC17","Turkey Creek",35.848474,-78.72296,"2019",10.4137931034483
"102","TC17","Turkey Creek",35.848474,-78.72296,"2021",10.8293241695304
"103","WC18","Walnut Creek",35.749248,-78.535679,"2008",4.03780068728522
"104","WC18","Walnut Creek",35.749248,-78.535679,"2011",4.0561282932417
"105","WC18","Walnut Creek",35.749248,-78.535679,"2013",4.10309278350515
"106","WC18","Walnut Creek",35.749248,-78.535679,"2016",4.10309278350515
"107","WC18","Walnut Creek",35.749248,-78.535679,"2019",4.15234822451317
"108","WC18","Walnut Creek",35.749248,-78.535679,"2021",4.28260869565217
